"","ring","year"
"2","a225324","2007"
"3","bs44638","2007"
"4","bs44642","2007"
"5","c695356","2007"
"6","e985047","2007"
"7","e985048","2007"
"8","e985071","2007"
"9","e985073","2007"
"10","e985088","2007"
"11","e985098","2007"
"12","f952443","2007"
"13","f952449","2007"
"14","f952464","2007"
"15","f952476","2007"
"16","f952477","2007"
"17","f952478","2007"
"18","f952481","2007"
"19","h300618","2007"
"20","h301159","2007"
"21","j644805","2007"
"22","j644807","2007"
"23","j644813","2007"
"24","j644816","2007"
"25","j644840","2007"
"26","j644859","2007"
"27","j644860","2007"
"28","j644866","2007"
"29","j644869","2007"
"30","j644871","2007"
"31","j644902","2007"
"32","j644903","2007"
"33","j644905","2007"
"34","j644993","2007"
"35","j644994","2007"
"36","j644998","2007"
"37","j645000","2007"
"38","k578047","2007"
"39","k578069","2007"
"40","k578095","2007"
"41","k578096","2007"
"42","k578712","2007"
"43","k578714","2007"
"44","k578718","2007"
"45","k578719","2007"
"46","k578720","2007"
"47","k578722","2007"
"48","k578723","2007"
"49","k578724","2007"
"50","k578725","2007"
"51","k578726","2007"
"52","k578734","2007"
"53","k578735","2007"
"54","k578736","2007"
"55","k578737","2007"
"56","k578738","2007"
"57","k578741","2007"
"58","k578742","2007"
"59","k578748","2007"
"60","k578750","2007"
"61","k578757","2007"
"62","k578758","2007"
"63","k578761","2007"
"64","k578777","2007"
"65","k578789","2007"
"66","k578927","2007"
"67","k639119","2007"
"68","n199048","2007"
"69","n199087","2007"
"70","n199101","2007"
"71","n199104","2007"
"72","n199312","2007"
"73","n199363","2007"
"74","n199383","2007"
"75","n199387","2007"
"76","n199392","2007"
"77","n199398","2007"
"78","n199430","2007"
"79","n199433","2007"
"80","n199441","2007"
"81","n199466","2007"
"82","n199472","2007"
"83","n199474","2007"
"84","n199484","2007"
"85","n199485","2007"
"86","n199492","2007"
"87","n199505","2007"
"88","n199535","2007"
"89","n199634","2007"
"90","n199636","2007"
"91","n199640","2007"
"92","n199641","2007"
"93","n199642","2007"
"94","n199648","2007"
"95","n199650","2007"
"96","n199651","2007"
"97","n199652","2007"
"98","n199666","2007"
"99","n199667","2007"
"100","n199669","2007"
"101","n199670","2007"
"102","n199671","2007"
"103","n199673","2007"
"104","n199675","2007"
"105","n199677","2007"
"106","n199680","2007"
"107","n199681","2007"
"108","n199685","2007"
"109","n199688","2007"
"110","n199691","2007"
"111","n199695","2007"
"112","n199697","2007"
"113","n199698","2007"
"114","n199708","2007"
"115","n199902","2007"
"116","n199948","2007"
"117","n200806","2007"
"118","n200811","2007"
"119","n200903","2007"
"120","n200991","2007"
"121","n201000","2007"
"122","nc11332","2007"
"123","nc11333","2007"
"124","p439004","2007"
"125","p439051","2007"
"126","p439583","2007"
"127","p439584","2007"
"128","r040085","2007"
"129","r639107","2007"
"130","r639111","2007"
"131","r639113","2007"
"132","r639126","2007"
"133","r639129","2007"
"134","r639130","2007"
"135","r639132","2007"
"136","r639133","2007"
"137","r639134","2007"
"138","r639215","2007"
"139","r639217","2007"
"140","r639243","2007"
"141","r639245","2007"
"142","r639247","2007"
"143","r639287","2007"
"144","r639288","2007"
"145","r639298","2007"
"146","r639300","2007"
"147","r639308","2007"
"148","r639309","2007"
"149","r639311","2007"
"150","r639313","2007"
"151","r639314","2007"
"152","r639315","2007"
"153","r639404","2007"
"154","r639441","2007"
"155","r639442","2007"
"156","r639465","2007"
"157","r639471","2007"
"158","r639487","2007"
"159","t176417","2007"
"160","t176477","2007"
"161","t176730","2007"
"162","t176814","2007"
"163","t176855","2007"
"164","t176927","2007"
"165","t176941","2007"
"166","t176943","2007"
"167","t176944","2007"
"168","t176947","2007"
"169","t176948","2007"
"170","t176949","2007"
"171","t176953","2007"
"172","t176955","2007"
"173","t176956","2007"
"174","t176957","2007"
"175","t176958","2007"
"176","t176959","2007"
"177","t176960","2007"
"178","t176969","2007"
"179","t176970","2007"
"180","t176971","2007"
"181","t176976","2007"
"182","t176985","2007"
"183","t176989","2007"
"184","t176991","2007"
"185","t176997","2007"
"186","t176998","2007"
"187","t177000","2007"
"188","t177529","2007"
"189","t177566","2007"
"190","t177579","2007"
"191","t177612","2007"
"192","t177623","2007"
"193","t177634","2007"
"194","t177651","2007"
"195","t177665","2007"
"196","t177666","2007"
"197","t177685","2007"
"198","t177701","2007"
"199","t177703","2007"
"200","t177715","2007"
"201","t177719","2007"
"202","t177739","2007"
"203","t177741","2007"
"204","t177744","2007"
"205","t177768","2007"
"206","t550075","2007"
"207","t550189","2007"
"208","t550196","2007"
"209","t640011","2007"
"210","t640065","2007"
"211","t640066","2007"
"212","t640067","2007"
"213","t640068","2007"
"214","t640069","2007"
"215","t640080","2007"
"216","t640095","2007"
"217","t640096","2007"
"218","t640097","2007"
"219","t640098","2007"
"220","t640101","2007"
"221","t640202","2007"
"222","t640234","2007"
"223","t640263","2007"
"224","t640276","2007"
"225","t640308","2007"
"226","t640313","2007"
"227","t640316","2007"
"228","t640345","2007"
"229","t640348","2007"
"230","t640352","2007"
"231","t640356","2007"
"232","t640357","2007"
"233","t640358","2007"
"234","t640363","2007"
"235","t640365","2007"
"236","t640366","2007"
"237","t640367","2007"
"238","t640368","2007"
"239","t640371","2007"
"240","t640372","2007"
"241","t640374","2007"
"242","t640375","2007"
"243","t640586","2007"
"244","t640606","2007"
"245","t642471","2007"
"246","t642473","2007"
"247","t642495","2007"
"248","ta15087","2007"
"249","ta15227","2007"
"250","ta15313","2007"
"251","ta15346","2007"
"252","ta15355","2007"
"253","ta15362","2007"
"254","ta15386","2007"
"255","ta15939","2007"
"256","ta16399","2007"
"257","ta16655","2007"
"259","ta16663","2007"
"260","ta16681","2007"
"261","ta16861","2007"
"262","tb21648","2007"
"263","tb26009","2007"
"264","tb26077","2007"
"265","tb26085","2007"
"266","tb26105","2007"
"267","tb26121","2007"
"268","tb26221","2007"
"269","tb26296","2007"
"270","tb26362","2007"
"271","tb26392","2007"
"272","tb26601","2007"
"273","tb26663","2007"
"274","tb26672","2007"
"275","tb26696","2007"
"276","tb26699","2007"
"277","tb26731","2007"
"278","tb26734","2007"
"279","tb26804","2007"
"280","tb26811","2007"
"281","tb26826","2007"
"282","tb26839","2007"
"283","tb26874","2007"
"284","tb26883","2007"
"285","tb26884","2007"
"286","tb26890","2007"
"287","tb27018","2007"
"288","tb27055","2007"
"289","tb27061","2007"
"290","tb27160","2007"
"291","tb27182","2007"
"292","tb27188","2007"
"293","tb27230","2007"
"294","tb27233","2007"
"295","tb27235","2007"
"296","tb27238","2007"
"297","tb27239","2007"
"298","tb27242","2007"
"299","tb27247","2007"
"300","tb27248","2007"
"301","tb27250","2007"
"302","tb27261","2007"
"303","tb27262","2007"
"304","tb27268","2007"
"305","tb27272","2007"
"306","tb27273","2007"
"307","tb27280","2007"
"308","tb27286","2007"
"309","tb27292","2007"
"310","tb27296","2007"
"311","tb27299","2007"
"312","tb27303","2007"
"313","tb27306","2007"
"314","tb27357","2007"
"315","tb27405","2007"
"316","tb27416","2007"
"317","tb27423","2007"
"318","tb27425","2007"
"319","tb27426","2007"
"320","tb27431","2007"
"321","tb27439","2007"
"322","tb27445","2007"
"323","tb27452","2007"
"324","tb27484","2007"
"325","tb27499","2007"
"326","tb28383","2007"
"327","tc25860","2007"
"328","tc25868","2007"
"329","tc25872","2007"
"330","tc25886","2007"
"331","tc25888","2007"
"332","tc25893","2007"
"333","tc58018","2007"
"334","tc58041","2007"
"335","tc58047","2007"
"336","tc58100","2007"
"337","tc58158","2007"
"338","tc58206","2007"
"339","tc58235","2007"
"340","tc58284","2007"
"341","tc58323","2007"
"342","tc58481","2007"
"343","tc58510","2007"
"344","tc58577","2007"
"345","tc58612","2007"
"346","tc58613","2007"
"347","tc58615","2007"
"348","tc58621","2007"
"349","tc58622","2007"
"350","tc58624","2007"
"351","tc58628","2007"
"352","tc58631","2007"
"353","tc58632","2007"
"354","tc58634","2007"
"355","tc58648","2007"
"356","tc58650","2007"
"357","tc58660","2007"
"358","tc58666","2007"
"359","tc58673","2007"
"360","tc58677","2007"
"361","tc58678","2007"
"362","tc58683","2007"
"363","tc58698","2007"
"364","tc58699","2007"
"365","tc58826","2007"
"366","tc58827","2007"
"367","tc58918","2007"
"368","tc58930","2007"
"369","tc58938","2007"
"370","tc58943","2007"
"371","tc58947","2007"
"372","tc58964","2007"
"373","tc58965","2007"
"374","tc58975","2007"
"375","tc59028","2007"
"376","tc59093","2007"
"377","tc59159","2007"
"378","tc59161","2007"
"379","tc59163","2007"
"380","tc59182","2007"
"381","tc59198","2007"
"382","tc59307","2007"
"383","tc59312","2007"
"384","tc59341","2007"
"385","tc59357","2007"
"386","tc59370","2007"
"387","tc59394","2007"
"388","tc59481","2007"
"389","tc59485","2007"
"390","tc59491","2007"
"391","tc59601","2007"
"392","tc59607","2007"
"393","tc59612","2007"
"394","tc59613","2007"
"395","tc59623","2007"
"396","tc59631","2007"
"397","tc59633","2007"
"398","tc59637","2007"
"399","tc59645","2007"
"400","tc59676","2007"
"401","tc59683","2007"
"402","tc59692","2007"
"403","tc59701","2007"
"404","tc59703","2007"
"405","tc59717","2007"
"406","tc59723","2007"
"407","tc59734","2007"
"408","tc59749","2007"
"409","tc59761","2007"
"410","tc59802","2007"
"411","tc59808","2007"
"412","tc59847","2007"
"413","tc59893","2007"
"414","tc59922","2007"
"415","tc59923","2007"
"416","tc59941","2007"
"417","te79390","2007"
"418","te79801","2007"
"419","te79816","2007"
"420","te79837","2007"
"421","te79871","2007"
"422","te79906","2007"
"423","te79907","2007"
"424","te79918","2007"
"425","te79928","2007"
"426","te79959","2007"
"427","te79972","2007"
"428","te79979","2007"
"429","te79980","2007"
"430","te79986","2007"
"431","te79989","2007"
"432","te79993","2007"
"433","te79997","2007"
"434","te79998","2007"
"435","te80011","2007"
"436","te80015","2007"
"437","te80035","2007"
"438","te80069","2007"
"439","te80109","2007"
"440","te80110","2007"
"441","te80115","2007"
"442","te80125","2007"
"443","te80144","2007"
"444","te80167","2007"
"445","te80216","2007"
"446","te80266","2007"
"447","te80267","2007"
"448","te80290","2007"
"449","te80294","2007"
"450","te80317","2007"
"451","te80338","2007"
"452","te80356","2007"
"453","te80501","2007"
"454","te80531","2007"
"455","te80534","2007"
"456","te80535","2007"
"457","te80538","2007"
"458","te80622","2007"
"459","te80635","2007"
"460","te80640","2007"
"461","te80677","2007"
"462","te80680","2007"
"463","tj24022","2007"
"464","tj24136","2007"
"465","tj24202","2007"
"466","tj24220","2007"
"467","tj24269","2007"
"468","tj24347","2007"
"469","tj24350","2007"
"470","tj24353","2007"
"471","tj24354","2007"
"472","tj24378","2007"
"473","tj24425","2007"
"474","tj25267","2007"
"475","tj25799","2007"
"476","tj26069","2007"
"477","tj26071","2007"
"478","tj26075","2007"
"479","tj26202","2007"
"480","tj26249","2007"
"481","tj26501","2007"
"482","tj26506","2007"
"483","tj26512","2007"
"484","tj26532","2007"
"485","tj26535","2007"
"486","tj26538","2007"
"487","tj26547","2007"
"488","tj26560","2007"
"489","tj26564","2007"
"490","tj26565","2007"
"491","tj26568","2007"
"492","tj26639","2007"
"493","tj26665","2007"
"494","tj26685","2007"
"495","tj26687","2007"
"496","tj26690","2007"
"497","tj26765","2007"
"498","tj26770","2007"
"499","tj27421","2007"
"500","tj27426","2007"
"501","tj27463","2007"
"502","tj27474","2007"
"503","tj27480","2007"
"504","tj27481","2007"
"505","tj27501","2007"
"506","tj27502","2007"
"507","tj27510","2007"
"508","tj27514","2007"
"509","tj27515","2007"
"510","tj27516","2007"
"511","tj27519","2007"
"512","tj27526","2007"
"513","tj27530","2007"
"514","tj27543","2007"
"515","tj27554","2007"
"516","tj27562","2007"
"517","tj27563","2007"
"518","tj27568","2007"
"519","tj27575","2007"
"520","tj27580","2007"
"521","tj27582","2007"
"522","tj27585","2007"
"523","tj27586","2007"
"524","tj27596","2007"
"525","tj27608","2007"
"526","tj27612","2007"
"527","tj27613","2007"
"528","tj27614","2007"
"529","tj27677","2007"
"530","tj27683","2007"
"531","tj27710","2007"
"532","tj27721","2007"
"533","tj27726","2007"
"534","tj27731","2007"
"535","tj27736","2007"
"536","tj27748","2007"
"537","tj27775","2007"
"538","tj27777","2007"
"539","tj27780","2007"
"540","tj27801","2007"
"541","tj27843","2007"
"542","tj27864","2007"
"543","tj27872","2007"
"544","tj27879","2007"
"545","tj27888","2007"
"546","tj27898","2007"
"547","tj27899","2007"
"548","tj27901","2007"
"549","tj27902","2007"
"550","tj27906","2007"
"551","tj27914","2007"
"552","tj27916","2007"
"553","tj27926","2007"
"554","tj27940","2007"
"555","tj27951","2007"
"556","tj27953","2007"
"557","tk207532","2007"
"558","tk25571","2007"
"559","tk25601","2007"
"560","tk25619","2007"
"561","tk25624","2007"
"562","tk25631","2007"
"563","tk25648","2007"
"564","tk25654","2007"
"565","tk25658","2007"
"566","tk25663","2007"
"567","tk25676","2007"
"568","tk25709","2007"
"569","tk25711","2007"
"570","tk25745","2007"
"571","tk25763","2007"
"572","tk25782","2007"
"573","tk25787","2007"
"574","tk25806","2007"
"575","tk25815","2007"
"576","tk25848","2007"
"577","tk25862","2007"
"578","tk25863","2007"
"579","tk25873","2007"
"580","tk25875","2007"
"581","tk25881","2007"
"582","tk25890","2007"
"583","tk26041","2007"
"584","tk26049","2007"
"585","tk26065","2007"
"586","tk26079","2007"
"587","tk26114","2007"
"588","tk26131","2007"
"589","tk26136","2007"
"590","tk26156","2007"
"591","tk26172","2007"
"592","tk26210","2007"
"593","tk26224","2007"
"594","tk26235","2007"
"595","tk26250","2007"
"596","tk26251","2007"
"597","tk26257","2007"
"598","tk26264","2007"
"599","tk26287","2007"
"600","tk26300","2007"
"601","tk26310","2007"
"602","tk26331","2007"
"603","tk26344","2007"
"604","tk26382","2007"
"605","tk26389","2007"
"606","tk26521","2007"
"607","tk26525","2007"
"608","tk26542","2007"
"609","tk26608","2007"
"610","tk26609","2007"
"611","tk26634","2007"
"612","tk26635","2007"
"613","tk26636","2007"
"614","tk26637","2007"
"615","tk26641","2007"
"616","tk26713","2007"
"617","tk26719","2007"
"618","tk26721","2007"
"619","tk26739","2007"
"620","tk26758","2007"
"621","tk26770","2007"
"622","tk26781","2007"
"623","tk26813","2007"
"624","tk26850","2007"
"625","tk26870","2007"
"626","tk26888","2007"
"627","tk26899","2007"
"628","tk26910","2007"
"629","tk26923","2007"
"630","tk26924","2007"
"631","tk26931","2007"
"632","tk26932","2007"
"633","tk26934","2007"
"634","tk26947","2007"
"635","tk26952","2007"
"636","tk26966","2007"
"637","tk26967","2007"
"638","tk26968","2007"
"639","tk26977","2007"
"640","tk26979","2007"
"641","tk26980","2007"
"642","tk26993","2007"
"643","tk27000","2007"
"644","tk27015","2007"
"645","tk27017","2007"
"646","tk27045","2007"
"647","tk27056","2007"
"648","tk27058","2007"
"649","tk27122","2007"
"650","tk27125","2007"
"651","tk27148","2007"
"652","tk27149","2007"
"653","tk27150","2007"
"654","tk27162","2007"
"655","tk27170","2007"
"656","tk27173","2007"
"657","tk27206","2007"
"658","tk27208","2007"
"659","tk27225","2007"
"660","tk27250","2007"
"661","tk27252","2007"
"662","tk27253","2007"
"663","tk27266","2007"
"664","tk27282","2007"
"665","tk27285","2007"
"666","tk27297","2007"
"667","tk27298","2007"
"668","tk27299","2007"
"669","tk27402","2007"
"670","tk27403","2007"
"671","tk27406","2007"
"672","tk27426","2007"
"673","tk27429","2007"
"674","tk27434","2007"
"675","tk27442","2007"
"676","tk27488","2007"
"677","tk27495","2007"
"678","tk27533","2007"
"679","tk27537","2007"
"680","tk27538","2007"
"681","tk27588","2007"
"682","tk27628","2007"
"683","tk27665","2007"
"684","tk27681","2007"
"685","tk27697","2007"
"686","tk27704","2007"
"687","tk27716","2007"
"688","tk27724","2007"
"689","tk27738","2007"
"690","tk27745","2007"
"691","tk27746","2007"
"692","tk27749","2007"
"693","tk27757","2007"
"694","tk27758","2007"
"695","tk27763","2007"
"696","tk27764","2007"
"697","tk27766","2007"
"698","tk27771","2007"
"699","tk27777","2007"
"700","tk27778","2007"
"701","tk27782","2007"
"702","tk27784","2007"
"703","tk27788","2007"
"704","tk27817","2007"
"705","tk27821","2007"
"706","tk27855","2007"
"707","tk27856","2007"
"708","tk27859","2007"
"709","tk27861","2007"
"710","tk27862","2007"
"711","tk27867","2007"
"712","tk27868","2007"
"713","tk27889","2007"
"714","tk27891","2007"
"715","tk27894","2007"
"716","tk27895","2007"
"717","tk27902","2007"
"718","tk27922","2007"
"719","tk27930","2007"
"720","tk27960","2007"
"721","tk27980","2007"
"722","tl37197","2007"
"723","tl37706","2007"
"724","v260947","2007"
"725","v260950","2007"
"726","v260951","2007"
"727","v260952","2007"
"728","v260980","2007"
"729","v260986","2007"
"730","v260994","2007"
"731","vb38332","2007"
"732","vb38337","2007"
"733","ve32609","2007"
"734","ve32611","2007"
"735","ve32612","2007"
"736","ve32618","2007"
"737","ve32620","2007"
"738","ve32624","2007"
"739","ve32625","2007"
"740","ve32626","2007"
"741","ve32628","2007"
"742","ve32638","2007"
"743","ve32639","2007"
"744","ve32640","2007"
"745","ve32643","2007"
"746","ve32647","2007"
"747","ve32654","2007"
"748","ve32657","2007"
"749","ve32659","2007"
"750","ve32661","2007"
"751","ve32666","2007"
"752","ve32685","2007"
"753","ve32892","2007"
"754","ve32896","2007"
"755","vf63055","2007"
"756","vf63401","2007"
"757","vf63499","2007"
"758","vf63856","2007"
"759","vf63955","2007"
"760","vf64355","2007"
"761","vh99600","2007"
"762","vn57382","2007"
"763","vn87226","2007"
"764","vr98249","2007"
"765","vr98264","2007"
"766","vs83920","2007"
"767","vs83925","2007"
"768","vs83928","2007"
"769","vt33379","2007"
"770","vt33693","2007"
"771","vt34740","2007"
"772","bs44641","2008"
"773","e018348","2008"
"774","e018352","2008"
"775","e018353","2008"
"776","e018356","2008"
"777","e018358","2008"
"778","e018360","2008"
"779","e018361","2008"
"780","e018362","2008"
"781","e018363","2008"
"782","e018364","2008"
"783","e018377","2008"
"784","e018378","2008"
"785","e985071","2008"
"786","e985079","2008"
"787","e985098","2008"
"788","f459755","2008"
"789","f459757","2008"
"790","f459758","2008"
"791","f459759","2008"
"792","f459760","2008"
"793","f459761","2008"
"794","f459762","2008"
"795","f459766","2008"
"796","f459770","2008"
"797","f952429","2008"
"798","f952464","2008"
"799","f952476","2008"
"800","f952477","2008"
"801","f952478","2008"
"802","h300605","2008"
"803","j644805","2008"
"804","j644807","2008"
"805","j644813","2008"
"806","j644835","2008"
"807","j644866","2008"
"808","j644869","2008"
"809","j644871","2008"
"810","j644902","2008"
"811","j644905","2008"
"812","j644920","2008"
"813","j644922","2008"
"814","j644924","2008"
"815","j644925","2008"
"816","j644927","2008"
"817","j644930","2008"
"818","j644933","2008"
"819","j644993","2008"
"820","j645001","2008"
"821","k578047","2008"
"822","k578069","2008"
"823","k578095","2008"
"824","k578712","2008"
"825","k578714","2008"
"826","k578718","2008"
"827","k578719","2008"
"828","k578721","2008"
"829","k578724","2008"
"830","k578731","2008"
"831","k578737","2008"
"832","k578738","2008"
"833","k578748","2008"
"834","k578761","2008"
"835","k578765","2008"
"836","k578788","2008"
"837","k578797","2008"
"838","k639119","2008"
"839","n199331","2008"
"840","n199383","2008"
"841","n199387","2008"
"842","n199392","2008"
"843","n199398","2008"
"844","n199430","2008"
"845","n199433","2008"
"846","n199472","2008"
"847","n199636","2008"
"848","n199638","2008"
"849","n199641","2008"
"850","n199645","2008"
"851","n199648","2008"
"852","n199652","2008"
"853","n199670","2008"
"854","n199677","2008"
"855","n199681","2008"
"856","n199691","2008"
"857","n199695","2008"
"858","n199704","2008"
"859","n199705","2008"
"860","n199907","2008"
"861","n199923","2008"
"862","n199930","2008"
"863","n199940","2008"
"864","n199941","2008"
"865","n199954","2008"
"866","n199978","2008"
"867","n199981","2008"
"868","n199982","2008"
"869","n199984","2008"
"870","n199986","2008"
"871","n199987","2008"
"872","n199992","2008"
"873","n199993","2008"
"874","n199995","2008"
"875","n199996","2008"
"876","n199998","2008"
"877","n200806","2008"
"878","n200903","2008"
"879","nc11332","2008"
"880","p439598","2008"
"881","r040085","2008"
"882","r639126","2008"
"883","r639132","2008"
"884","r639133","2008"
"885","r639215","2008"
"886","r639217","2008"
"887","r639239","2008"
"888","r639243","2008"
"889","r639263","2008"
"890","r639275","2008"
"891","r639292","2008"
"892","r639300","2008"
"893","r639309","2008"
"894","r639404","2008"
"895","r639441","2008"
"896","r639465","2008"
"897","r639484","2008"
"898","r639486","2008"
"899","r639487","2008"
"900","t176729","2008"
"901","t176730","2008"
"902","t176814","2008"
"903","t176927","2008"
"904","t176941","2008"
"905","t176948","2008"
"906","t176953","2008"
"907","t176955","2008"
"908","t176957","2008"
"909","t176959","2008"
"910","t176960","2008"
"911","t176970","2008"
"912","t176989","2008"
"913","t176991","2008"
"914","t177566","2008"
"915","t177579","2008"
"916","t177612","2008"
"917","t177634","2008"
"918","t177651","2008"
"919","t177659","2008"
"920","t177677","2008"
"921","t177701","2008"
"922","t177703","2008"
"923","t177742","2008"
"924","t177744","2008"
"925","t550040","2008"
"926","t550075","2008"
"927","t550181","2008"
"928","t550189","2008"
"929","t640012","2008"
"930","t640066","2008"
"931","t640068","2008"
"932","t640080","2008"
"933","t640081","2008"
"934","t640099","2008"
"935","t640100","2008"
"936","t640276","2008"
"937","t640326","2008"
"938","t640348","2008"
"939","t640357","2008"
"940","t640359","2008"
"941","t640363","2008"
"942","t640371","2008"
"943","t640372","2008"
"944","t640374","2008"
"945","t640377","2008"
"946","t640378","2008"
"947","t640380","2008"
"948","t640381","2008"
"949","t640382","2008"
"950","t640385","2008"
"951","t640386","2008"
"952","t640387","2008"
"953","t640388","2008"
"954","t640389","2008"
"955","t640392","2008"
"956","t640586","2008"
"957","t640599","2008"
"958","t640604","2008"
"959","t640605","2008"
"960","t640705","2008"
"961","t640706","2008"
"962","t640707","2008"
"963","t640802","2008"
"964","t640804","2008"
"965","t640806","2008"
"966","t640809","2008"
"967","t640810","2008"
"968","t640812","2008"
"969","t640813","2008"
"970","t640815","2008"
"971","t640818","2008"
"972","t640819","2008"
"973","t640820","2008"
"974","t640822","2008"
"975","t640823","2008"
"976","t642476","2008"
"977","ta15227","2008"
"978","ta15313","2008"
"979","ta15346","2008"
"980","ta15362","2008"
"981","ta15386","2008"
"982","ta15531","2008"
"983","ta15836","2008"
"984","ta16273","2008"
"985","ta16663","2008"
"986","tb21501","2008"
"987","tb26077","2008"
"988","tb26097","2008"
"989","tb26105","2008"
"990","tb26324","2008"
"991","tb26362","2008"
"992","tb26377","2008"
"993","tb26601","2008"
"994","tb26663","2008"
"995","tb26672","2008"
"996","tb26696","2008"
"997","tb26724","2008"
"998","tb26731","2008"
"999","tb26734","2008"
"1000","tb26810","2008"
"1001","tb26826","2008"
"1002","tb27055","2008"
"1003","tb27128","2008"
"1004","tb27160","2008"
"1005","tb27182","2008"
"1006","tb27200","2008"
"1007","tb27233","2008"
"1008","tb27239","2008"
"1009","tb27250","2008"
"1010","tb27262","2008"
"1011","tb27268","2008"
"1012","tb27280","2008"
"1013","tb27292","2008"
"1014","tb27296","2008"
"1015","tb27357","2008"
"1016","tb27406","2008"
"1017","tb27416","2008"
"1018","tb27423","2008"
"1019","tb27439","2008"
"1020","tb27445","2008"
"1021","tb27452","2008"
"1022","tc25860","2008"
"1023","tc25868","2008"
"1024","tc25886","2008"
"1025","tc25888","2008"
"1026","tc25893","2008"
"1027","tc58041","2008"
"1028","tc58046","2008"
"1029","tc58047","2008"
"1030","tc58100","2008"
"1031","tc58182","2008"
"1032","tc58206","2008"
"1033","tc58235","2008"
"1034","tc58275","2008"
"1035","tc58285","2008"
"1036","tc58344","2008"
"1037","tc58577","2008"
"1038","tc58613","2008"
"1039","tc58624","2008"
"1040","tc58628","2008"
"1041","tc58631","2008"
"1042","tc58632","2008"
"1043","tc58648","2008"
"1044","tc58673","2008"
"1045","tc58677","2008"
"1046","tc58678","2008"
"1047","tc58699","2008"
"1048","tc58715","2008"
"1049","tc58776","2008"
"1050","tc58922","2008"
"1051","tc58930","2008"
"1052","tc58943","2008"
"1053","tc58947","2008"
"1054","tc58964","2008"
"1055","tc58975","2008"
"1056","tc59028","2008"
"1057","tc59093","2008"
"1058","tc59159","2008"
"1059","tc59195","2008"
"1060","tc59352","2008"
"1061","tc59396","2008"
"1062","tc59481","2008"
"1063","tc59485","2008"
"1064","tc59500","2008"
"1065","tc59607","2008"
"1066","tc59612","2008"
"1067","tc59623","2008"
"1068","tc59631","2008"
"1069","tc59633","2008"
"1070","tc59676","2008"
"1071","tc59686","2008"
"1072","tc59701","2008"
"1073","tc59703","2008"
"1074","tc59718","2008"
"1075","tc59725","2008"
"1076","tc59744","2008"
"1077","tc59749","2008"
"1078","tc59761","2008"
"1079","tc59783","2008"
"1080","tc59808","2008"
"1081","tc59922","2008"
"1082","tc59923","2008"
"1083","tc59941","2008"
"1084","tc79781","2008"
"1085","te79013","2008"
"1086","te79039","2008"
"1087","te79277","2008"
"1088","te79390","2008"
"1089","te79656","2008"
"1090","te79837","2008"
"1091","te79844","2008"
"1092","te79871","2008"
"1093","te79906","2008"
"1094","te79907","2008"
"1095","te79914","2008"
"1096","te79918","2008"
"1097","te79926","2008"
"1098","te79928","2008"
"1099","te79972","2008"
"1100","te79986","2008"
"1101","te80011","2008"
"1102","te80015","2008"
"1103","te80035","2008"
"1104","te80069","2008"
"1105","te80110","2008"
"1106","te80167","2008"
"1107","te80267","2008"
"1108","te80317","2008"
"1109","te80356","2008"
"1110","te80428","2008"
"1111","te80501","2008"
"1112","te80535","2008"
"1113","te80640","2008"
"1114","te80680","2008"
"1115","tj24022","2008"
"1116","tj24169","2008"
"1117","tj24220","2008"
"1118","tj24269","2008"
"1119","tj24350","2008"
"1120","tj24354","2008"
"1121","tj24378","2008"
"1122","tj24503","2008"
"1123","tj24511","2008"
"1124","tj24512","2008"
"1125","tj24513","2008"
"1126","tj24516","2008"
"1127","tj24524","2008"
"1128","tj24530","2008"
"1129","tj24532","2008"
"1130","tj24534","2008"
"1131","tj24536","2008"
"1132","tj24560","2008"
"1133","tj24595","2008"
"1134","tj25265","2008"
"1135","tj25269","2008"
"1136","tj25274","2008"
"1137","tj25281","2008"
"1138","tj25282","2008"
"1139","tj25288","2008"
"1140","tj25293","2008"
"1141","tj25799","2008"
"1142","tj26064","2008"
"1143","tj26069","2008"
"1144","tj26082","2008"
"1145","tj26119","2008"
"1146","tj26126","2008"
"1147","tj26130","2008"
"1148","tj26132","2008"
"1149","tj26140","2008"
"1150","tj26143","2008"
"1151","tj26144","2008"
"1152","tj26153","2008"
"1153","tj26160","2008"
"1154","tj26161","2008"
"1155","tj26165","2008"
"1156","tj26167","2008"
"1157","tj26171","2008"
"1158","tj26172","2008"
"1159","tj26173","2008"
"1160","tj26186","2008"
"1161","tj26190","2008"
"1162","tj26191","2008"
"1163","tj26194","2008"
"1164","tj26196","2008"
"1165","tj26200","2008"
"1166","tj26210","2008"
"1167","tj26211","2008"
"1168","tj26213","2008"
"1169","tj26238","2008"
"1170","tj26239","2008"
"1171","tj26240","2008"
"1172","tj26252","2008"
"1173","tj26565","2008"
"1174","tj26665","2008"
"1175","tj26685","2008"
"1176","tj27463","2008"
"1177","tj27481","2008"
"1178","tj27501","2008"
"1179","tj27510","2008"
"1180","tj27516","2008"
"1181","tj27554","2008"
"1182","tj27562","2008"
"1183","tj27563","2008"
"1184","tj27582","2008"
"1185","tj27585","2008"
"1186","tj27586","2008"
"1187","tj27596","2008"
"1188","tj27613","2008"
"1189","tj27677","2008"
"1190","tj27682","2008"
"1191","tj27780","2008"
"1192","tj27810","2008"
"1193","tj27872","2008"
"1194","tj27898","2008"
"1195","tj27899","2008"
"1196","tj27901","2008"
"1197","tj27906","2008"
"1198","tj27916","2008"
"1199","tj27940","2008"
"1200","tj27951","2008"
"1201","tk25571","2008"
"1202","tk25601","2008"
"1203","tk25619","2008"
"1204","tk25624","2008"
"1205","tk25631","2008"
"1206","tk25698","2008"
"1207","tk25709","2008"
"1208","tk25711","2008"
"1209","tk25745","2008"
"1210","tk25796","2008"
"1211","tk25848","2008"
"1212","tk26061","2008"
"1213","tk26078","2008"
"1214","tk26079","2008"
"1215","tk26156","2008"
"1216","tk26169","2008"
"1217","tk26172","2008"
"1218","tk26181","2008"
"1219","tk26224","2008"
"1220","tk26233","2008"
"1221","tk26235","2008"
"1222","tk26250","2008"
"1223","tk26257","2008"
"1224","tk26264","2008"
"1225","tk26287","2008"
"1226","tk26300","2008"
"1227","tk26331","2008"
"1228","tk26332","2008"
"1229","tk26344","2008"
"1230","tk26353","2008"
"1231","tk26382","2008"
"1232","tk26521","2008"
"1233","tk26531","2008"
"1234","tk26542","2008"
"1235","tk26609","2008"
"1236","tk26616","2008"
"1237","tk26637","2008"
"1238","tk26669","2008"
"1239","tk26677","2008"
"1240","tk26678","2008"
"1241","tk26679","2008"
"1242","tk26685","2008"
"1243","tk26686","2008"
"1244","tk26691","2008"
"1245","tk26692","2008"
"1246","tk26696","2008"
"1247","tk26758","2008"
"1248","tk26770","2008"
"1249","tk26854","2008"
"1250","tk26888","2008"
"1251","tk26899","2008"
"1252","tk26910","2008"
"1253","tk26924","2008"
"1254","tk26932","2008"
"1255","tk26967","2008"
"1256","tk26979","2008"
"1257","tk26991","2008"
"1258","tk27015","2008"
"1259","tk27017","2008"
"1260","tk27048","2008"
"1261","tk27056","2008"
"1262","tk27058","2008"
"1263","tk27141","2008"
"1264","tk27148","2008"
"1265","tk27149","2008"
"1266","tk27169","2008"
"1267","tk27170","2008"
"1268","tk27219","2008"
"1269","tk27250","2008"
"1270","tk27252","2008"
"1271","tk27266","2008"
"1272","tk27285","2008"
"1273","tk27403","2008"
"1274","tk27405","2008"
"1275","tk27423","2008"
"1276","tk27442","2008"
"1277","tk27488","2008"
"1278","tk27505","2008"
"1279","tk27537","2008"
"1280","tk27538","2008"
"1281","tk27555","2008"
"1282","tk27588","2008"
"1283","tk27611","2008"
"1284","tk27631","2008"
"1285","tk27681","2008"
"1286","tk27697","2008"
"1287","tk27746","2008"
"1288","tk27757","2008"
"1289","tk27758","2008"
"1290","tk27761","2008"
"1291","tk27777","2008"
"1292","tk27782","2008"
"1293","tk27817","2008"
"1294","tk27821","2008"
"1295","tk27850","2008"
"1296","tk27856","2008"
"1297","tk27867","2008"
"1298","tk27922","2008"
"1299","tk27930","2008"
"1300","tl36301","2008"
"1301","tl36306","2008"
"1302","tl36340","2008"
"1303","tl36351","2008"
"1304","tl36368","2008"
"1305","tl36390","2008"
"1306","tl36393","2008"
"1307","tl36395","2008"
"1308","tl36397","2008"
"1309","tl36408","2008"
"1310","tl36424","2008"
"1311","tl36428","2008"
"1312","tl36463","2008"
"1313","tl36469","2008"
"1314","tl36477","2008"
"1315","tl36478","2008"
"1316","tl36479","2008"
"1317","tl36483","2008"
"1318","tl36484","2008"
"1319","tl36486","2008"
"1320","tl36500","2008"
"1321","tl37006","2008"
"1322","tl37007","2008"
"1323","tl37010","2008"
"1324","tl37014","2008"
"1325","tl37015","2008"
"1326","tl37017","2008"
"1327","tl37033","2008"
"1328","tl37034","2008"
"1329","tl37049","2008"
"1330","tl37050","2008"
"1331","tl37063","2008"
"1332","tl37067","2008"
"1333","tl37069","2008"
"1334","tl37072","2008"
"1335","tl37114","2008"
"1336","tl37115","2008"
"1337","tl37131","2008"
"1338","tl37132","2008"
"1339","tl37155","2008"
"1340","tl37156","2008"
"1341","tl37158","2008"
"1342","tl37170","2008"
"1343","tl37173","2008"
"1344","tl37214","2008"
"1345","tl37404","2008"
"1346","tl37408","2008"
"1347","tl37420","2008"
"1348","tl37421","2008"
"1349","tl37422","2008"
"1350","tl37428","2008"
"1351","tl37433","2008"
"1352","tl37434","2008"
"1353","tl37435","2008"
"1354","tl37438","2008"
"1355","tl37440","2008"
"1356","tl37441","2008"
"1357","tl37443","2008"
"1358","tl37445","2008"
"1359","tl37446","2008"
"1360","tl37450","2008"
"1361","tl37452","2008"
"1362","tl37455","2008"
"1363","tl37471","2008"
"1364","tl37482","2008"
"1365","tl37498","2008"
"1366","tl37504","2008"
"1367","tl37506","2008"
"1368","tl37508","2008"
"1369","tl37512","2008"
"1370","tl37520","2008"
"1371","tl37524","2008"
"1372","tl37526","2008"
"1373","tl37528","2008"
"1374","tl37531","2008"
"1375","tl37532","2008"
"1376","tl37534","2008"
"1377","tl37536","2008"
"1378","tl37538","2008"
"1379","tl37539","2008"
"1380","tl37540","2008"
"1381","tl37544","2008"
"1382","tl37546","2008"
"1383","tl37549","2008"
"1384","tl37553","2008"
"1385","tl37562","2008"
"1386","tl37565","2008"
"1387","tl37571","2008"
"1388","tl37574","2008"
"1389","tl37580","2008"
"1390","tl37582","2008"
"1391","tl37583","2008"
"1392","tl37586","2008"
"1393","tl37591","2008"
"1394","tl37593","2008"
"1395","tl37597","2008"
"1396","tl37598","2008"
"1397","tl37606","2008"
"1398","tl37607","2008"
"1399","tl37612","2008"
"1400","tl37701","2008"
"1401","tl37705","2008"
"1402","tl38004","2008"
"1403","tl38023","2008"
"1404","tl38032","2008"
"1405","tl38035","2008"
"1406","tl38063","2008"
"1407","tl38067","2008"
"1408","tl38087","2008"
"1409","tl38113","2008"
"1410","tl38132","2008"
"1411","tl38133","2008"
"1412","tl38151","2008"
"1413","tl38179","2008"
"1414","tl38182","2008"
"1415","tl38190","2008"
"1416","tl38223","2008"
"1417","tl38224","2008"
"1418","tl38226","2008"
"1419","tl38247","2008"
"1420","tl38271","2008"
"1421","tl38273","2008"
"1422","tl38701","2008"
"1423","tl38751","2008"
"1424","tl38756","2008"
"1425","tl39002","2008"
"1426","tl39004","2008"
"1427","tl39005","2008"
"1428","tl39013","2008"
"1429","tl39023","2008"
"1430","tl39029","2008"
"1431","tl39030","2008"
"1432","tl39031","2008"
"1433","tl39041","2008"
"1434","tl39042","2008"
"1435","tl39043","2008"
"1436","tl39050","2008"
"1437","tl39052","2008"
"1438","tl39060","2008"
"1439","tl39061","2008"
"1440","tl39062","2008"
"1441","tl39064","2008"
"1442","tl39065","2008"
"1443","tl39066","2008"
"1444","tl39070","2008"
"1445","tl39072","2008"
"1446","tl39075","2008"
"1447","tl39077","2008"
"1448","tl39083","2008"
"1449","tl39084","2008"
"1450","tl39085","2008"
"1451","tl39088","2008"
"1452","tl39089","2008"
"1453","tl39104","2008"
"1454","tl39115","2008"
"1455","tl39116","2008"
"1456","tl39117","2008"
"1457","tl39121","2008"
"1458","tl39123","2008"
"1459","tl39126","2008"
"1460","tl39131","2008"
"1461","tl39134","2008"
"1462","tl39143","2008"
"1463","tl39154","2008"
"1464","tl39155","2008"
"1465","tl39168","2008"
"1466","tl39173","2008"
"1467","tl39177","2008"
"1468","tl39183","2008"
"1469","tl39187","2008"
"1470","tl39189","2008"
"1471","tl39203","2008"
"1472","tl39206","2008"
"1473","tl39263","2008"
"1474","tl39277","2008"
"1475","tl39281","2008"
"1476","tl39300","2008"
"1477","tl39328","2008"
"1478","tl39380","2008"
"1479","tl39383","2008"
"1480","tl39488","2008"
"1481","tl39503","2008"
"1482","tl39506","2008"
"1483","tl39508","2008"
"1484","tl39515","2008"
"1485","tl39527","2008"
"1486","tl39552","2008"
"1487","tl39581","2008"
"1488","tl39599","2008"
"1489","tl39621","2008"
"1490","tl39631","2008"
"1491","tl39639","2008"
"1492","tl39645","2008"
"1493","tl39659","2008"
"1494","tl39669","2008"
"1495","v260952","2008"
"1496","v260980","2008"
"1497","v260986","2008"
"1498","ve32609","2008"
"1499","ve32620","2008"
"1500","ve32625","2008"
"1501","ve32643","2008"
"1502","ve32647","2008"
"1503","ve32654","2008"
"1504","ve32883","2008"
"1505","ve32892","2008"
"1506","vf63055","2008"
"1507","vf63835","2008"
"1508","vf63955","2008"
"1509","vn57381","2008"
"1510","vr98050","2008"
"1511","vr98216","2008"
"1512","vr98249","2008"
"1513","x235601","2008"
"1514","x235603","2008"
"1515","x235604","2008"
"1516","x235606","2008"
"1517","x235608","2008"
"1518","x235609","2008"
"1519","x235610","2008"
"1520","x235612","2008"
"1521","x235613","2008"
"1522","x239559","2008"
"1523","x239571","2008"
"1524","x239573","2008"
"1525","e018348","2009"
"1526","e018352","2009"
"1527","e018354","2009"
"1528","e018358","2009"
"1529","e018361","2009"
"1530","e018375","2009"
"1531","e018488","2009"
"1532","e018494","2009"
"1533","e985079","2009"
"1534","f459758","2009"
"1535","f459761","2009"
"1536","f459766","2009"
"1537","f464559","2009"
"1538","h300605","2009"
"1539","h303396","2009"
"1540","h303399","2009"
"1541","j644813","2009"
"1542","j644869","2009"
"1543","j644902","2009"
"1544","j644905","2009"
"1545","j644920","2009"
"1546","j644924","2009"
"1547","j644925","2009"
"1548","j644935","2009"
"1549","j644936","2009"
"1550","j644937","2009"
"1551","j644941","2009"
"1552","j644944","2009"
"1553","j644946","2009"
"1554","j644947","2009"
"1555","j644948","2009"
"1556","j644949","2009"
"1557","j644951","2009"
"1558","j644952","2009"
"1559","j644954","2009"
"1560","j644958","2009"
"1561","j644959","2009"
"1562","j644960","2009"
"1563","j644970","2009"
"1564","j644972","2009"
"1565","j645001","2009"
"1566","k578096","2009"
"1567","k578709","2009"
"1568","k578719","2009"
"1569","k578724","2009"
"1570","k578738","2009"
"1571","k578748","2009"
"1572","k578761","2009"
"1573","k578788","2009"
"1574","k639119","2009"
"1575","n199331","2009"
"1576","n199387","2009"
"1577","n199398","2009"
"1578","n199641","2009"
"1579","n199644","2009"
"1580","n199681","2009"
"1581","n199705","2009"
"1582","n199923","2009"
"1583","n199978","2009"
"1584","n199982","2009"
"1585","n199991","2009"
"1586","n199998","2009"
"1587","n200903","2009"
"1588","p439598","2009"
"1589","r639129","2009"
"1590","r639217","2009"
"1591","r639267","2009"
"1592","r639292","2009"
"1593","r639309","2009"
"1594","r639486","2009"
"1595","t176814","2009"
"1596","t176928","2009"
"1597","t176948","2009"
"1598","t176959","2009"
"1599","t176960","2009"
"1600","t176985","2009"
"1601","t176989","2009"
"1602","t177651","2009"
"1603","t177666","2009"
"1604","t177701","2009"
"1605","t550195","2009"
"1606","t640234","2009"
"1607","t640326","2009"
"1608","t640355","2009"
"1609","t640372","2009"
"1610","t640378","2009"
"1611","t640379","2009"
"1612","t640380","2009"
"1613","t640642","2009"
"1614","t640647","2009"
"1615","t640655","2009"
"1616","t640672","2009"
"1617","t640706","2009"
"1618","t640728","2009"
"1619","t640753","2009"
"1620","t640763","2009"
"1621","t640767","2009"
"1622","t640776","2009"
"1623","t640779","2009"
"1624","t640782","2009"
"1625","t640787","2009"
"1626","t640800","2009"
"1627","t640819","2009"
"1628","t640834","2009"
"1629","ta15346","2009"
"1630","tb26105","2009"
"1631","tb26377","2009"
"1632","tb26601","2009"
"1633","tb26663","2009"
"1634","tb27182","2009"
"1635","tb27239","2009"
"1636","tb27250","2009"
"1637","tb27268","2009"
"1638","tb27292","2009"
"1639","tb27357","2009"
"1640","tb27406","2009"
"1641","tb27445","2009"
"1642","tb27452","2009"
"1643","tc25860","2009"
"1644","tc58046","2009"
"1645","tc58100","2009"
"1646","tc58285","2009"
"1647","tc58481","2009"
"1648","tc58613","2009"
"1649","tc58628","2009"
"1650","tc58632","2009"
"1651","tc58648","2009"
"1652","tc58927","2009"
"1653","tc58932","2009"
"1654","tc58975","2009"
"1655","tc59093","2009"
"1656","tc59159","2009"
"1657","tc59195","2009"
"1658","tc59320","2009"
"1659","tc59352","2009"
"1660","tc59500","2009"
"1661","tc59612","2009"
"1662","tc59633","2009"
"1663","tc59676","2009"
"1664","tc59686","2009"
"1665","tc59749","2009"
"1666","tc59761","2009"
"1667","tc59783","2009"
"1668","tc59808","2009"
"1669","tc79781","2009"
"1670","te79013","2009"
"1671","te79039","2009"
"1672","te79871","2009"
"1673","te79914","2009"
"1674","te79926","2009"
"1675","te80167","2009"
"1676","tj24378","2009"
"1677","tj24503","2009"
"1678","tj24516","2009"
"1679","tj24530","2009"
"1680","tj24532","2009"
"1681","tj24554","2009"
"1682","tj24598","2009"
"1683","tj24704","2009"
"1684","tj24711","2009"
"1685","tj24712","2009"
"1686","tj24715","2009"
"1687","tj24717","2009"
"1688","tj24718","2009"
"1689","tj24719","2009"
"1690","tj24728","2009"
"1691","tj24729","2009"
"1692","tj24733","2009"
"1693","tj24747","2009"
"1694","tj24751","2009"
"1695","tj24754","2009"
"1696","tj24755","2009"
"1697","tj24767","2009"
"1698","tj24770","2009"
"1699","tj24775","2009"
"1700","tj24777","2009"
"1701","tj24778","2009"
"1702","tj24781","2009"
"1703","tj24785","2009"
"1704","tj24786","2009"
"1705","tj24794","2009"
"1706","tj24796","2009"
"1707","tj24799","2009"
"1708","tj24805","2009"
"1709","tj24809","2009"
"1710","tj24810","2009"
"1711","tj24811","2009"
"1712","tj24812","2009"
"1713","tj24813","2009"
"1714","tj24814","2009"
"1715","tj24816","2009"
"1716","tj24821","2009"
"1717","tj24823","2009"
"1718","tj24826","2009"
"1719","tj24830","2009"
"1720","tj24854","2009"
"1721","tj24858","2009"
"1722","tj24860","2009"
"1723","tj24861","2009"
"1724","tj24862","2009"
"1725","tj24863","2009"
"1726","tj24864","2009"
"1727","tj24866","2009"
"1728","tj24869","2009"
"1729","tj24870","2009"
"1730","tj24871","2009"
"1731","tj24873","2009"
"1732","tj24877","2009"
"1733","tj24880","2009"
"1734","tj24892","2009"
"1735","tj24898","2009"
"1736","tj24902","2009"
"1737","tj24906","2009"
"1738","tj24920","2009"
"1739","tj24922","2009"
"1740","tj24927","2009"
"1741","tj24939","2009"
"1742","tj24944","2009"
"1743","tj24945","2009"
"1744","tj24947","2009"
"1745","tj24954","2009"
"1746","tj25269","2009"
"1747","tj25281","2009"
"1748","tj25282","2009"
"1749","tj25288","2009"
"1750","tj25293","2009"
"1751","tj26128","2009"
"1752","tj26160","2009"
"1753","tj26161","2009"
"1754","tj26171","2009"
"1755","tj26186","2009"
"1756","tj26190","2009"
"1757","tj26240","2009"
"1758","tj26252","2009"
"1759","tj26255","2009"
"1760","tj26560","2009"
"1761","tj26565","2009"
"1762","tj26665","2009"
"1763","tj27510","2009"
"1764","tj27516","2009"
"1765","tj27562","2009"
"1766","tj27563","2009"
"1767","tj27582","2009"
"1768","tj27586","2009"
"1769","tj27682","2009"
"1770","tj27780","2009"
"1771","tj27916","2009"
"1772","tj644940","2009"
"1773","tk25571","2009"
"1774","tk25601","2009"
"1775","tk25624","2009"
"1776","tk25711","2009"
"1777","tk25796","2009"
"1778","tk25863","2009"
"1779","tk26078","2009"
"1780","tk26131","2009"
"1781","tk26224","2009"
"1782","tk26264","2009"
"1783","tk26300","2009"
"1784","tk26353","2009"
"1785","tk26521","2009"
"1786","tk26609","2009"
"1787","tk26665","2009"
"1788","tk26669","2009"
"1789","tk26678","2009"
"1790","tk26867","2009"
"1791","tk26924","2009"
"1792","tk26979","2009"
"1793","tk26991","2009"
"1794","tk27017","2009"
"1795","tk27048","2009"
"1796","tk27148","2009"
"1797","tk27150","2009"
"1798","tk27170","2009"
"1799","tk27219","2009"
"1800","tk27221","2009"
"1801","tk27252","2009"
"1802","tk27405","2009"
"1803","tk27513","2009"
"1804","tk27611","2009"
"1805","tk27697","2009"
"1806","tk27746","2009"
"1807","tk27757","2009"
"1808","tk27758","2009"
"1809","tk27782","2009"
"1810","tk27889","2009"
"1811","tk27898","2009"
"1812","tk27922","2009"
"1813","tk27926","2009"
"1814","tl36340","2009"
"1815","tl36368","2009"
"1816","tl36390","2009"
"1817","tl36393","2009"
"1818","tl36408","2009"
"1819","tl36466","2009"
"1820","tl36477","2009"
"1821","tl37017","2009"
"1822","tl37033","2009"
"1823","tl37049","2009"
"1824","tl37054","2009"
"1825","tl37063","2009"
"1826","tl37069","2009"
"1827","tl37131","2009"
"1828","tl37132","2009"
"1829","tl37151","2009"
"1830","tl37155","2009"
"1831","tl37158","2009"
"1832","tl37181","2009"
"1833","tl37408","2009"
"1834","tl37422","2009"
"1835","tl37449","2009"
"1836","tl37455","2009"
"1837","tl37508","2009"
"1838","tl37528","2009"
"1839","tl37531","2009"
"1840","tl37538","2009"
"1841","tl37539","2009"
"1842","tl37607","2009"
"1843","tl37613","2009"
"1844","tl37614","2009"
"1845","tl37615","2009"
"1846","tl37618","2009"
"1847","tl37628","2009"
"1848","tl37630","2009"
"1849","tl37635","2009"
"1850","tl37638","2009"
"1851","tl37639","2009"
"1852","tl37643","2009"
"1853","tl37644","2009"
"1854","tl37646","2009"
"1855","tl37661","2009"
"1856","tl37664","2009"
"1857","tl37665","2009"
"1858","tl37668","2009"
"1859","tl37671","2009"
"1860","tl37673","2009"
"1861","tl37674","2009"
"1862","tl37675","2009"
"1863","tl37678","2009"
"1864","tl37680","2009"
"1865","tl37681","2009"
"1866","tl37683","2009"
"1867","tl37685","2009"
"1868","tl37690","2009"
"1869","tl37694","2009"
"1870","tl37695","2009"
"1871","tl37732","2009"
"1872","tl37733","2009"
"1873","tl37734","2009"
"1874","tl37735","2009"
"1875","tl37736","2009"
"1876","tl37738","2009"
"1877","tl37741","2009"
"1878","tl37742","2009"
"1879","tl37747","2009"
"1880","tl37748","2009"
"1881","tl37749","2009"
"1882","tl37752","2009"
"1883","tl37753","2009"
"1884","tl37756","2009"
"1885","tl37757","2009"
"1886","tl37760","2009"
"1887","tl37761","2009"
"1888","tl37762","2009"
"1889","tl37768","2009"
"1890","tl37774","2009"
"1891","tl37775","2009"
"1892","tl37776","2009"
"1893","tl37779","2009"
"1894","tl37787","2009"
"1895","tl37791","2009"
"1896","tl37792","2009"
"1897","tl37793","2009"
"1898","tl37794","2009"
"1899","tl37795","2009"
"1900","tl37797","2009"
"1901","tl37819","2009"
"1902","tl37825","2009"
"1903","tl37826","2009"
"1904","tl37836","2009"
"1905","tl37853","2009"
"1906","tl37859","2009"
"1907","tl37864","2009"
"1908","tl37866","2009"
"1909","tl38004","2009"
"1910","tl38179","2009"
"1911","tl38213","2009"
"1912","tl38223","2009"
"1913","tl38224","2009"
"1914","tl38226","2009"
"1915","tl38247","2009"
"1916","tl38723","2009"
"1917","tl38757","2009"
"1918","tl38763","2009"
"1919","tl38771","2009"
"1920","tl38772","2009"
"1921","tl38776","2009"
"1922","tl38781","2009"
"1923","tl38784","2009"
"1924","tl38785","2009"
"1925","tl38786","2009"
"1926","tl38790","2009"
"1927","tl38805","2009"
"1928","tl38806","2009"
"1929","tl38810","2009"
"1930","tl38816","2009"
"1931","tl38817","2009"
"1932","tl38819","2009"
"1933","tl38822","2009"
"1934","tl38843","2009"
"1935","tl38845","2009"
"1936","tl38848","2009"
"1937","tl38850","2009"
"1938","tl39008","2009"
"1939","tl39031","2009"
"1940","tl39041","2009"
"1941","tl39043","2009"
"1942","tl39075","2009"
"1943","tl39083","2009"
"1944","tl39088","2009"
"1945","tl39089","2009"
"1946","tl39116","2009"
"1947","tl39121","2009"
"1948","tl39141","2009"
"1949","tl39154","2009"
"1950","tl39168","2009"
"1951","tl39183","2009"
"1952","tl39189","2009"
"1953","tl39300","2009"
"1954","tl39552","2009"
"1955","tl39599","2009"
"1956","tl39621","2009"
"1957","tl39659","2009"
"1958","tp25001","2009"
"1959","tp25002","2009"
"1960","tp25007","2009"
"1961","tp25008","2009"
"1962","tp25016","2009"
"1963","tp25019","2009"
"1964","tp25020","2009"
"1965","tp25024","2009"
"1966","tp25034","2009"
"1967","tp25036","2009"
"1968","tp25040","2009"
"1969","tp25044","2009"
"1970","tp25046","2009"
"1971","tp25060","2009"
"1972","tp25061","2009"
"1973","tp25062","2009"
"1974","tp25063","2009"
"1975","tp25066","2009"
"1976","tp25067","2009"
"1977","tp25068","2009"
"1978","tp25074","2009"
"1979","tp25084","2009"
"1980","tp25085","2009"
"1981","tp25086","2009"
"1982","tp25095","2009"
"1983","tp25096","2009"
"1984","tp25097","2009"
"1985","tp25100","2009"
"1986","tp25102","2009"
"1987","tp25103","2009"
"1988","tp25108","2009"
"1989","tp25110","2009"
"1990","tp25113","2009"
"1991","tp25114","2009"
"1992","tp25115","2009"
"1993","tp25116","2009"
"1994","tp25119","2009"
"1995","tp25121","2009"
"1996","tp25124","2009"
"1997","tp25126","2009"
"1998","tp25130","2009"
"1999","tp25140","2009"
"2000","tp25141","2009"
"2001","tp25142","2009"
"2002","tp25143","2009"
"2003","tp25146","2009"
"2004","tp25147","2009"
"2005","tp25150","2009"
"2006","tp25153","2009"
"2007","tp25155","2009"
"2008","tp25156","2009"
"2009","tp25157","2009"
"2010","tp25159","2009"
"2011","tp25167","2009"
"2012","tp25168","2009"
"2013","tp25173","2009"
"2014","tp25174","2009"
"2015","tp25176","2009"
"2016","tp25187","2009"
"2017","tp25193","2009"
"2018","tp25425","2009"
"2019","tp25436","2009"
"2020","tp25438","2009"
"2021","tp25441","2009"
"2022","tp25454","2009"
"2023","tp25455","2009"
"2024","tp25476","2009"
"2025","tp25487","2009"
"2026","tp25491","2009"
"2027","tp25494","2009"
"2028","tp25501","2009"
"2029","tp25504","2009"
"2030","tp25505","2009"
"2031","tp25508","2009"
"2032","tp25509","2009"
"2033","tp25511","2009"
"2034","tp25518","2009"
"2035","tp25520","2009"
"2036","tp25523","2009"
"2037","tp25524","2009"
"2038","tp25544","2009"
"2039","tp25545","2009"
"2040","tp25546","2009"
"2041","tp25548","2009"
"2042","tp25551","2009"
"2043","tp25552","2009"
"2044","tp25555","2009"
"2045","tp25556","2009"
"2046","tp25557","2009"
"2047","tp25559","2009"
"2048","tp25564","2009"
"2049","tp25567","2009"
"2050","tp25570","2009"
"2051","tp25571","2009"
"2052","tp25579","2009"
"2053","tp25581","2009"
"2054","tp25582","2009"
"2055","tp25583","2009"
"2056","tp25585","2009"
"2057","tp25586","2009"
"2058","tp25588","2009"
"2059","tp25592","2009"
"2060","tp25598","2009"
"2061","tp25601","2009"
"2062","tp25604","2009"
"2063","tp25611","2009"
"2064","tp25617","2009"
"2065","tp25618","2009"
"2066","tp25620","2009"
"2067","tp25625","2009"
"2068","tp25626","2009"
"2069","tp25627","2009"
"2070","tp25628","2009"
"2071","tp25629","2009"
"2072","tp25636","2009"
"2073","tp25642","2009"
"2074","tp25644","2009"
"2075","tp25645","2009"
"2076","tp25647","2009"
"2077","tp25648","2009"
"2078","tp25652","2009"
"2079","tp25654","2009"
"2080","tp25656","2009"
"2081","tp25668","2009"
"2082","tp25670","2009"
"2083","tp25673","2009"
"2084","tp25683","2009"
"2085","tp25697","2009"
"2086","tp25698","2009"
"2087","tp25700","2009"
"2088","tp25703","2009"
"2089","tp25704","2009"
"2090","tp25705","2009"
"2091","tp25707","2009"
"2092","tp25713","2009"
"2093","tp25714","2009"
"2094","tp25729","2009"
"2095","tp25747","2009"
"2096","tp25748","2009"
"2097","tp25754","2009"
"2098","tp25764","2009"
"2099","tp25774","2009"
"2100","tp25784","2009"
"2101","tp25790","2009"
"2102","tp25791","2009"
"2103","tp25796","2009"
"2104","tp25799","2009"
"2105","tp25802","2009"
"2106","tp25806","2009"
"2107","tp25808","2009"
"2108","tp25812","2009"
"2109","tp25814","2009"
"2110","tp25815","2009"
"2111","tp25824","2009"
"2112","tp25832","2009"
"2113","tp25837","2009"
"2114","tp25839","2009"
"2115","tp25854","2009"
"2116","tp25859","2009"
"2117","tp25860","2009"
"2118","tp25863","2009"
"2119","tp25872","2009"
"2120","tp28604","2009"
"2121","tp28606","2009"
"2122","tp28608","2009"
"2123","tp28611","2009"
"2124","tp28612","2009"
"2125","tp28613","2009"
"2126","tp28614","2009"
"2127","tp28615","2009"
"2128","tp28616","2009"
"2129","tp28617","2009"
"2130","tp28619","2009"
"2131","tp28623","2009"
"2132","tp28625","2009"
"2133","tp28626","2009"
"2134","tp28627","2009"
"2135","tp28632","2009"
"2136","tp28633","2009"
"2137","tp28634","2009"
"2138","tp28638","2009"
"2139","tp28641","2009"
"2140","tp28644","2009"
"2141","tp28646","2009"
"2142","tp28647","2009"
"2143","tp28655","2009"
"2144","tp28659","2009"
"2145","tp28661","2009"
"2146","tp28662","2009"
"2147","tp28663","2009"
"2148","tp28664","2009"
"2149","tp28669","2009"
"2150","tp28674","2009"
"2151","tp28681","2009"
"2152","tp28683","2009"
"2153","tp28688","2009"
"2154","tp28689","2009"
"2155","tp28695","2009"
"2156","tp28698","2009"
"2157","tp28702","2009"
"2158","tp28704","2009"
"2159","tp28707","2009"
"2160","tp28710","2009"
"2161","tp28712","2009"
"2162","tp28713","2009"
"2163","tp28715","2009"
"2164","tp28718","2009"
"2165","tp28721","2009"
"2166","tp28724","2009"
"2167","tp28729","2009"
"2168","tp28733","2009"
"2169","tp28736","2009"
"2170","tp28737","2009"
"2171","tp28738","2009"
"2172","tp28740","2009"
"2173","tp28741","2009"
"2174","tp28743","2009"
"2175","tp28745","2009"
"2176","tp28748","2009"
"2177","tp28751","2009"
"2178","tp28752","2009"
"2179","tp28753","2009"
"2180","tp28755","2009"
"2181","tp28756","2009"
"2182","tp28778","2009"
"2183","tp28779","2009"
"2184","tp28785","2009"
"2185","tp28787","2009"
"2186","tp28790","2009"
"2187","tp28791","2009"
"2188","tp28794","2009"
"2189","tp28796","2009"
"2190","tp28798","2009"
"2191","tp28799","2009"
"2192","tp28800","2009"
"2193","tp28815","2009"
"2194","tp28817","2009"
"2195","tp28818","2009"
"2196","tp28824","2009"
"2197","tp28835","2009"
"2198","tp28841","2009"
"2199","tp28851","2009"
"2200","tp28859","2009"
"2201","tp28877","2009"
"2202","tp28879","2009"
"2203","tp28886","2009"
"2204","tp28887","2009"
"2205","tp28892","2009"
"2206","tp28897","2009"
"2207","tp28899","2009"
"2208","tp41502","2009"
"2209","tp41505","2009"
"2210","tp41521","2009"
"2211","tp41530","2009"
"2212","tp41546","2009"
"2213","tp41547","2009"
"2214","tp41548","2009"
"2215","tp41553","2009"
"2216","tp41555","2009"
"2217","tp41557","2009"
"2218","tp41560","2009"
"2219","tp41566","2009"
"2220","tp41570","2009"
"2221","tp41574","2009"
"2222","tp41576","2009"
"2223","tp41587","2009"
"2224","tp41592","2009"
"2225","tp41597","2009"
"2226","tp41600","2009"
"2227","tp41604","2009"
"2228","tp41615","2009"
"2229","tp41620","2009"
"2230","tp41622","2009"
"2231","tp41623","2009"
"2232","tp41627","2009"
"2233","tp41629","2009"
"2234","tp41632","2009"
"2235","tp41633","2009"
"2236","tp41640","2009"
"2237","tp41643","2009"
"2238","tp41646","2009"
"2239","tp41648","2009"
"2240","tp41649","2009"
"2241","tp41652","2009"
"2242","tp41653","2009"
"2243","tp41661","2009"
"2244","tp41663","2009"
"2245","tp41665","2009"
"2246","tp41668","2009"
"2247","tp41672","2009"
"2248","tp41677","2009"
"2249","tp41682","2009"
"2250","tp41686","2009"
"2251","tp41694","2009"
"2252","tp41695","2009"
"2253","tp41697","2009"
"2254","tp41698","2009"
"2255","tp41699","2009"
"2256","tp41701","2009"
"2257","tp41702","2009"
"2258","tp41703","2009"
"2259","tp41710","2009"
"2260","tp41712","2009"
"2261","tp41713","2009"
"2262","tp41729","2009"
"2263","tp41731","2009"
"2264","tp41732","2009"
"2265","tp41804","2009"
"2266","tp41809","2009"
"2267","tp41813","2009"
"2268","tp41816","2009"
"2269","tp41818","2009"
"2270","tp41819","2009"
"2271","tp41820","2009"
"2272","tp41824","2009"
"2273","tp41825","2009"
"2274","tp41826","2009"
"2275","tp41832","2009"
"2276","tp41846","2009"
"2277","tp41854","2009"
"2278","tp41860","2009"
"2279","tp41863","2009"
"2280","tp41867","2009"
"2281","tp41871","2009"
"2282","tp41874","2009"
"2283","tp41877","2009"
"2284","tp41883","2009"
"2285","tp41885","2009"
"2286","tp41889","2009"
"2287","tp41899","2009"
"2288","tp42004","2009"
"2289","tp42014","2009"
"2290","tp42016","2009"
"2291","tp42019","2009"
"2292","tp42023","2009"
"2293","v260986","2009"
"2294","v729628","2009"
"2295","v729695","2009"
"2296","ve32609","2009"
"2297","ve32883","2009"
"2298","vf63055","2009"
"2299","x235104","2009"
"2300","x235137","2009"
"2301","x235138","2009"
"2302","x235177","2009"
"2303","x235193","2009"
"2304","x235195","2009"
"2305","x235601","2009"
"2306","x235604","2009"
"2307","x235608","2009"
"2308","x235615","2009"
"2309","x235619","2009"
"2310","x235620","2009"
"2311","x235621","2009"
"2312","x235623","2009"
"2313","x235626","2009"
"2314","x235629","2009"
"2315","x235630","2009"
"2316","x235634","2009"
"2317","x237894","2009"
"2318","x237906","2009"
"2319","x237907","2009"
"2320","x237910","2009"
"2321","x237919","2009"
"2322","x237929","2009"
"2323","x237931","2009"
"2324","x237968","2009"
"2325","x237969","2009"
"2326","x237971","2009"
"2327","x237973","2009"
"2328","x237975","2009"
"2329","x237984","2009"
"2330","x237987","2009"
"2331","x237999","2009"
"2332","x239559","2009"
"2333","x239571","2009"
"2334","x239573","2009"
"2335","x239576","2009"
"2336","x239604","2009"
"2337","x239801","2009"
"2338","x239804","2009"
"2339","x239806","2009"
"2340","x239807","2009"
"2341","x239812","2009"
"2342","x239813","2009"
"2343","x239824","2009"
"2344","x239825","2009"
"2345","x239838","2009"
"2346","x239901","2009"
"2347","x239902","2009"
"2348","x239905","2009"
"2349","x240000","2009"
"2350","x661866","2009"
"2351","x662572","2009"
