BirdID,Sex,NestBoxID,Year,BroodNumber,N_Fledglings,N_Recruits,experiment_code
A225307,F,MP6,2005,1,4,0,
A225441,F,B89,2005,1,0,0,
C695356,F,W69,2001,1,8,0,
C695356,F,EX20,2002,1,11,1,
C695356,F,W78,2004,1,8,1,
C695356,F,W75A,2005,1,10,2,
C695356,F,W78,2006,1,4,0,
C695356,F,W76,2007,1,10,0,
C695386,F,CP37,2001,1,5,0,1
C695386,F,CP35,2002,1,11,3,
C695386,F,CP37,2003,1,8,0,
C695390,F,W46,2001,1,9,0,
C695391,M,EX21,2001,1,6,0,
C695391,M,W10,2002,1,9,0,
C695391,M,W11,2003,1,7,1,
E018352,F,SW131,2008,1,8,1,
E018352,F,SW129,2009,1,0,0,
E509370,F,EX3,2011,1,9,0,1
E509370,F,EX2,2012,1,7,1,
E985065,M,W56,2005,1,11,0,
E985065,M,W39,2006,1,9,1,
E985071,F,EX31,2005,1,6,0,1
E985071,F,EX30,2006,1,8,2,
E985071,F,EX32,2007,1,9,0,
E985071,F,EX29A,2008,1,6,0,
E985071,F,EX30,2009,1,0,0,
E985073,F,W23,2005,1,8,0,
E985073,F,W19,2006,1,9,1,
E985073,F,W20,2007,1,8,0,
E985073,F,W20,2008,1,0,0,4
F464553,M,MP38,2009,1,8,1,
F464553,M,MP42,2010,1,7,0,
F464559,F,W27,2010,1,6,1,
F464559,F,W25,2011,1,11,0,1
F464559,F,W23,2012,1,7,0,
F952447,M,O4,2007,1,7,0,3
F952460,F,C130,2005,1,9,0,
F952460,F,C129,2006,1,10,0,
F952460,F,C122,2007,1,11,0,
F952941,F,P12,2004,1,10,2,
F952941,F,P13,2005,1,10,0,
F952941,F,P1,2006,1,9,1,
H300052,F,C159,2002,1,6,1,
H300660,F,EX38,2007,1,8,1,
H300660,F,EX38,2008,1,9,0,
H300669,F,O14,2005,1,11,0,
H301159,M,SW35,2007,1,6,2,3
H301196,M,EX84,2006,1,10,1,
J644840,F,EX33,2007,1,0,0,
J644859,F,EX41D,2007,1,8,1,4
J644864,F,EX79,2007,1,10,0,4
J644903,F,EX12A,2007,1,10,0,
J644903,F,EX15,2008,1,0,0,
J644935,F,W93,2009,1,9,0,
J644937,M,W22,2009,1,8,0,
J644937,M,W22,2010,1,9,1,
J644943,F,W89,2009,1,0,0,
J644950,F,EX34,2009,1,7,0,
J644952,F,W37,2009,1,10,3,
J644952,F,W37,2010,1,3,0,
J644956,F,W65,2009,1,8,1,
J644956,F,W65,2010,1,8,1,
J644958,F,EX39B,2009,1,9,2,
J644958,F,W66,2010,1,5,0,
J644960,F,P2,2009,1,12,0,
J644960,F,SW73,2010,1,7,1,
J644994,F,EX31,2007,1,5,0,
J644995,F,EX14B,2007,1,7,0,
J644996,F,EX18,2007,1,8,0,
J644997,F,W42,2007,1,7,1,
J644998,F,W51,2007,1,10,0,
J645000,M,W93,2007,1,8,0,
J645000,M,W96,2010,1,0,0,
K578023,F,B84,2000,1,0,0,
K578023,F,B183,2001,1,6,0,
K578023,F,B180,2002,1,7,0,
K578024,F,B192,2000,1,9,1,
K578024,F,B192,2001,1,7,0,
K578024,F,B227,2002,1,0,0,
K578024,F,B192,2002,2,4,0,
K578024,F,B192,2004,1,6,2,
K578058,F,B131,2002,1,9,1,
K578566,F,O107,2000,1,6,3,
K578566,F,O106,2002,1,0,0,1
K578584,F,P11,2000,1,8,6,
K578584,F,P11,2002,1,10,0,1
K578605,F,B23,2002,1,7,1,
K578605,F,B123,2004,1,6,1,
K578605,F,B23,2005,1,0,0,
K578605,F,B125,2006,1,8,1,
K578605,F,B24,2007,1,7,0,
K578619,F,B25,2002,1,7,1,
K578717,F,W22,2008,1,8,1,
K578717,F,W22,2009,1,8,0,
K578717,F,W22,2010,1,9,1,
K578732,F,EX65,2009,1,10,3,
K578732,F,EX43C,2010,1,8,0,
K578927,F,EX5A,2007,1,0,0,
K578927,F,EX5A,2008,1,0,0,4
K578961,F,SW20,2003,1,0,0,
K578961,F,SW16,2004,1,NA,2,2
K578961,F,SW16,2005,1,7,2,
K604550,F,MP14,1999,1,9,0,
K604550,F,MP17,2000,1,8,0,
K604550,F,MP18,2002,1,6,1,1
K604550,F,MP28,2004,1,6,0,
K604681,M,W5,2000,1,10,0,
K604681,M,W5,2001,1,9,0,1
K604681,M,W5,2003,1,7,0,
L312169,M,EX60,2011,1,9,1,
L312169,M,EX58,2012,1,6,0,
L312889,F,O3,2011,1,4,0,1
L312889,F,CP40,2012,1,0,0,
L315203,M,O54,2010,1,11,2,
L315203,M,O54,2011,1,7,0,1
L315204,M,B185,2010,1,5,0,
L315204,M,B86,2011,1,8,1,1
L315804,M,EX47,2010,1,10,0,
L315806,F,EX55,2010,1,0,0,
L315806,F,EX56,2010,2,0,0,
L808160,F,C111,2011,1,0,0,
L808165,M,C110,2011,1,5,0,
L809630,F,MP31,2011,1,7,0,1
L809630,F,MP35,2012,1,0,0,
N199072,F,EX65,2007,1,7,2,
N199072,F,EX65,2008,1,1,0,4
N199087,F,EX43A,2007,1,8,1,4
N199102,F,MP86,2004,1,9,1,
N199106,F,MP7,2004,1,9,0,1
N199111,F,MP60,2004,1,7,0,
N199113,M,MP32,2004,1,7,0,
N199294,F,B141,2005,1,5,0,
N199299,F,P6,2005,1,0,0,
N199440,F,SW54,2006,1,7,0,
N199440,F,SW55,2007,1,8,0,
N199441,F,C137,2006,1,8,0,
N199441,F,C136,2007,1,9,1,
N199441,F,C36,2008,1,8,0,4
N199445,F,C117,2007,1,9,0,
N199447,F,P5,2006,1,8,2,
N199463,F,SW107,2006,1,8,0,
N199463,F,O29,2008,1,8,1,
N199470,F,O45,2006,1,6,2,2
N199470,F,O44,2007,1,8,0,
N199505,M,EX22,2007,1,9,0,
N199505,M,CP24,2008,1,5,0,
N199518,F,W71,2006,1,8,1,
N199518,F,W73,2007,1,6,0,
N199634,F,EX52,2007,1,9,1,
N199636,M,CP30,2007,1,6,1,
N199636,M,CP34,2008,1,10,0,4
N199637,F,CP43,2007,1,9,0,
N199637,F,CP38A,2008,1,6,0,
N199641,M,CP38,2007,1,7,0,
N199641,M,CP38,2009,1,7,0,
N199641,M,CP38,2010,1,6,2,
N199642,F,CP42A,2007,1,8,2,
N199643,F,EX43D,2007,1,8,0,
N199646,M,EX68,2007,1,6,0,
N199647,F,EX67,2007,1,6,1,
N199650,M,CP40,2007,1,8,0,
N199703,F,SW56,2007,1,4,0,
N199705,F,SW124,2007,1,7,0,
N199705,F,SW124,2008,1,9,0,
N199705,F,SW126,2009,1,9,2,
N199705,F,SW124,2010,1,8,0,
N199707,F,O100,2007,1,8,0,
N199973,M,EX4,2008,1,6,0,
N199993,M,EX63,2008,1,0,0,
N200009,M,O27,2002,1,9,0,1
N200109,F,O70,2002,1,10,0,
N200115,F,O72,2002,1,7,1,
N200125,F,B121,2004,1,6,1,
N200126,F,B24,2004,1,7,0,
N200581,F,CP42A,2002,1,6,1,
N200583,M,EX51A,2002,1,0,0,1
N200584,M,CP16,2002,1,4,0,
N200584,M,CP13,2003,1,6,0,
N200584,M,CP15,2005,1,11,0,
N200588,F,EX48,2002,1,7,0,
N200599,F,W81,2002,1,9,1,
N200599,F,W65,2003,1,9,1,
N200599,F,W81,2004,1,9,0,
N200599,F,W65,2007,1,8,0,
N200624,F,B11,2002,1,9,1,
N200624,F,B223,2003,1,3,0,
N200674,F,SW63,2002,1,1,0,
N200674,F,SW71,2003,1,3,0,
N200674,F,SW63,2004,1,0,0,
N200674,F,SW66,2005,1,4,0,
N200674,F,SW67,2007,1,3,0,
N200706,F,CP19,2002,1,6,0,
N200706,F,CP26,2003,1,4,1,
N200712,F,W10,2002,1,9,0,
N200712,F,W11,2003,1,7,1,
N200712,F,W8,2004,1,6,0,
N200769,M,W93,2004,1,10,2,
N200769,M,W94,2005,1,9,2,
N200769,M,W95,2006,1,7,0,2
N200806,F,EX35,2003,1,8,2,
N200806,F,EX36,2004,1,9,3,2
N200806,F,EX36,2005,1,8,4,
N200806,F,EX35,2007,1,8,2,
N200806,F,EX35,2008,1,8,0,4
N200810,F,W28,2003,1,8,0,
N200810,F,W29,2004,1,10,1,
N200810,F,W27,2005,1,8,2,
N200810,F,W27,2006,1,8,0,
N200905,F,W71,2005,1,7,1,
N200905,F,W72,2006,1,10,0,
N200906,M,W71,2005,1,7,1,
N200906,M,W71,2006,1,8,1,
N200906,M,W73,2007,1,6,0,
N200907,M,EX8,2005,1,5,0,
N200907,M,EX9,2007,1,9,3,
N200935,F,EX79,2006,1,9,2,
N200941,M,O83,2006,1,8,0,2
N200942,M,EX80,2006,1,7,2,
N200942,M,EX80,2007,1,8,0,
N200953,M,EX71,2006,1,8,1,
N200989,M,EX43B,2006,1,9,1,
N200991,M,EX79,2006,1,9,2,
N200991,M,EX67,2007,1,6,1,
N200998,F,EX56,2006,1,9,2,
NK59969,F,O2,1984,1,9,0,
NK59969,F,O10,1985,1,0,0,
NK59969,F,O7,1985,2,7,0,
NK59969,F,O5A,1986,1,0,0,
NK59969,F,O11,1987,1,11,2,
NN35580,F,SW101,1987,1,11,3,
NN35580,F,SW101,1988,1,5,1,
NN35609,F,O87,1987,1,10,0,
NN35662,F,O101,1987,1,11,2,
NN35726,M,O69,1987,1,10,2,
NN35821,M,O108,1987,1,6,0,
NN35821,M,O109,1988,1,6,0,
NN35821,M,O109,1989,1,8,3,
NN35821,M,O109,1990,1,9,0,
P439017,F,B85,2003,1,8,0,
P439017,F,B185,2004,1,10,0,
P439036,F,MP86,2003,1,6,0,
P439042,F,CP5B,2003,1,8,0,
P439042,F,CP4,2005,1,8,2,1
P439042,F,CP6,2006,1,8,1,
P439042,F,CP4,2007,1,8,0,
P439051,F,B99A,2003,1,5,0,
P439051,F,B103,2004,1,8,0,1
P439051,F,B99A,2006,1,8,3,
P439051,F,B99,2007,1,0,0,
P439057,F,O82,2003,1,8,0,
P439161,F,P5,2004,1,NA,2,2
P439161,F,P7,2005,1,8,1,
P439161,F,P9,2006,1,8,0,
P439165,F,SW70,2004,1,9,0,
P439165,F,P24,2005,1,9,0,
P439175,F,B16,2004,1,7,2,
P439195,F,O27A,2004,1,9,1,
P439195,F,O27,2005,1,8,0,
P439195,F,O26,2006,1,0,0,
P439282,F,MP92,2005,1,0,0,
P439282,F,MP93,2006,1,7,0,
P439282,F,MP95,2007,1,8,1,
P439580,F,W68,2007,1,0,0,
P439583,M,W5,2007,1,NA,0,
P812079,F,B161,2005,1,0,0,
P812080,F,B49,2005,1,0,0,
P812088,F,P22,2005,1,5,1,
P812096,M,B80A,2005,1,6,0,
P812096,M,B80,2006,1,9,1,
P812097,F,B214,2005,1,3,1,
R040039,M,W36,2003,1,8,0,
R040039,M,W37,2005,1,10,0,
R040057,M,CP33,2004,1,7,2,
R040074,M,W42,2003,1,8,1,
R040089,F,O29,2004,1,9,1,
R040089,F,O29,2005,1,5,1,
R040111,M,W104,2004,1,9,0,
R040111,M,W105,2005,1,8,0,
R040112,M,EX61,2003,1,8,0,
R040127,F,W103A,2003,1,8,1,
R040132,M,EX22,2003,1,4,0,
R040133,M,EX47A,2004,1,9,2,2
R040133,M,EX47A,2005,1,9,1,
R040133,M,EX47A,2006,1,5,1,
R040133,M,EX47A,2007,1,6,0,
R040136,M,W69,2004,1,7,0,
R040149,F,CP13,2003,1,6,0,
R040149,F,CP12,2005,1,0,0,
R040159,M,EX77,2003,1,8,0,
R040159,M,EX77,2004,1,9,2,
R040159,M,EX77,2005,1,10,0,
R040159,M,EX77,2006,1,0,0,1
R040172,F,B206,2003,1,0,0,
R040184,F,B216,2003,1,2,0,
R639004,F,MP75,2003,1,3,0,
R639004,F,MP75,2004,1,8,2,1
R639004,F,MP75,2005,1,0,0,
R639004,F,MP74,2006,1,9,1,
R639009,F,MP52,2003,1,7,0,
R639009,F,MP52,2004,1,7,2,
R639013,F,MP25,2003,1,5,0,
R639013,F,MP25,2004,1,7,3,1
R639015,F,B139,2003,1,5,1,
R639015,F,B39,2004,1,8,3,2
R639015,F,B72,2005,1,9,2,
R639113,F,EX13,2006,1,10,2,
R639113,F,EX14,2007,1,9,0,
R639118,F,W97,2006,1,7,0,
R639130,F,SW42,2007,1,7,0,
R639132,M,O113,2007,1,9,0,
R639132,M,O113,2008,1,9,0,
R639132,M,O113,2009,1,0,0,
R639189,F,EX17,2007,1,9,0,
R639201,F,EX7,2006,1,0,1,
R639201,F,EX7,2007,1,11,2,
R639217,F,SW63,2007,1,7,0,
R639217,F,SW63,2008,1,0,0,
R639217,F,SW59,2009,1,7,0,
R639217,F,SW59,2010,1,0,0,
R639217,F,SW61,2010,2,6,0,
R639280,F,B51,2007,1,0,0,
R639306,M,B77,2007,1,6,0,
R639408,M,MP32,2007,1,11,0,
R639412,F,MP10,2007,1,5,0,
R639441,F,MP56,2007,1,8,1,
R639441,F,MP55,2008,1,5,1,
R639450,F,MP8,2007,1,0,0,
R639455,F,B195,2007,1,6,1,
R639463,M,B90,2009,1,8,2,
R639484,F,MP96,2007,1,8,0,
R639484,F,MP96,2008,1,7,0,
R639484,F,MP96,2009,1,9,0,
R639486,F,B145,2008,1,0,0,
R639486,F,B66,2009,1,10,3,
T176477,M,EX62A,2005,1,9,1,
T176477,M,EX62,2006,1,9,1,
T176477,M,EX62A,2007,1,10,1,
T176477,M,EX62,2008,1,7,0,
T176481,M,W17,2005,1,9,1,
T176487,F,B226,2005,1,0,0,
T176813,M,W60,2006,1,8,0,
T176841,M,W51,2006,1,4,0,
T176841,M,W51,2007,1,10,0,
T176864,M,O75B,2007,1,9,0,3
T176885,M,EX62G,2006,1,7,2,
T176922,F,W56,2007,1,NA,0,
T176927,F,EX42,2007,1,8,0,
T176932,M,SW124,2007,1,7,0,
T176973,F,EX53,2008,1,6,1,
T177501,M,CP35,2004,1,10,3,
T177501,M,CP35,2005,1,8,1,
T177501,M,CP35,2006,1,9,1,
T177509,F,EX64,2004,1,8,4,2
T177509,F,EX64,2005,1,9,1,
T177509,F,EX63,2006,1,7,1,
T177550,F,EX1,2005,1,8,0,
T177566,M,EX42,2007,1,8,0,
T177579,M,EX40,2005,1,10,0,
T177579,M,EX39,2006,1,7,2,
T177579,M,EX35,2007,1,8,2,
T177579,M,EX35,2008,1,8,0,4
T177579,M,EX36,2009,1,0,0,
T177580,M,O14,2005,1,11,0,
T177600,M,EX41B,2005,1,8,NA,
T177617,F,SW43,2007,1,6,0,3
T177635,F,SW4,2007,1,8,0,
T177644,M,EX51,2007,1,7,3,
T177665,F,O81,2007,1,9,1,4
T177665,F,O71,2008,1,6,0,
T177665,F,O82,2009,1,9,0,
T177665,F,O82,2010,1,8,0,
T177703,F,O34,2007,1,3,0,
T177703,F,O34,2008,1,10,0,
T177708,M,O34,2007,1,3,0,
T177712,F,C57,2007,1,10,0,
T177712,F,C56,2008,1,9,1,
T177719,M,C40,2007,1,8,1,
T177743,M,EX4,2007,1,5,0,
T177774,F,SW33,2007,1,10,2,
T177799,F,CP9,2009,1,8,0,
T550019,F,B205,2005,1,0,0,
T550019,F,B16,2006,1,8,4,
T550024,M,B226,2005,1,0,0,
T550029,M,B214,2005,1,3,1,
T550029,M,B77,2006,1,9,0,
T550041,F,MP52,2005,1,6,1,
T550041,F,MP56,2006,1,9,1,
T550043,M,MP32,2005,1,6,1,
T550043,M,MP33,2006,1,6,0,
T550058,M,MP74,2005,1,8,0,
T550058,M,MP75,2006,1,0,0,
T550059,F,MP35,2005,1,6,0,
T550059,F,MP34,2006,1,0,0,
T550065,F,B225,2005,1,0,0,
T550071,M,B186,2005,1,0,0,
T550076,F,MP68,2005,1,6,0,
T550076,F,MP68,2006,1,7,0,
T550076,F,MP69,2007,1,0,0,
T550082,F,MP55,2005,1,7,1,
T550098,F,MP93,2005,1,6,0,
T550105,F,B218,2006,1,10,0,
T550134,M,CP6,2006,1,8,1,
T550135,F,W20,2006,1,11,1,
T550164,F,O76,2005,1,7,1,
T550164,F,O75,2006,1,9,0,
T550189,F,MP55,2006,1,9,2,
T550189,F,MP55,2007,1,10,3,
T550200,F,B15,2006,1,10,2,
T640002,F,B224,2005,1,0,0,
T640003,M,B189,2005,1,0,1,
T640005,F,B2,2005,1,0,0,
T640005,F,B8,2006,1,8,0,
T640006,F,B8,2005,1,0,0,
T640006,F,B1,2006,1,8,3,
T640011,F,B91,2006,1,8,3,
T640011,F,B205,2007,1,9,0,
T640011,F,B116,2008,1,7,0,
T640096,F,B36,2007,1,5,1,
T640096,F,B36,2008,1,5,0,
T640207,F,MP85,2005,1,0,0,
T640209,M,MP18,2006,1,7,2,
T640209,M,MP18,2007,1,7,0,
T640211,F,MP60,2006,1,9,0,
T640234,M,B27,2006,1,8,0,
T640234,M,B27,2007,1,0,0,
T640234,M,B126,2008,1,6,0,
T640234,M,B115,2009,1,0,0,
T640276,M,MP75,2007,1,8,0,
T640309,F,O64,2005,1,8,0,
T640315,F,SW5,2005,1,8,1,
T640315,F,SW3,2006,1,1,0,
T640328,F,O27,2006,1,7,1,
T640328,F,O27A,2009,1,7,0,
T640328,F,O27,2010,1,0,0,
T640328,F,O27,2011,1,4,0,
T640334,F,SW44,2006,1,5,0,
T640338,F,SW84A,2006,1,8,0,
T640344,F,O19,2006,1,8,0,
T640344,F,O22,2007,1,11,0,
T640348,F,SW6,2006,1,5,2,1
T640348,F,O106,2006,2,5,1,
T640348,F,O106,2007,1,7,0,
T640353,F,O53,2006,1,8,1,
T640374,F,SW36,2007,1,9,0,3
T640374,F,SW37,2008,1,0,0,
T640374,F,SW36,2009,1,0,0,
T640375,F,P5,2007,1,0,0,
T640375,F,P6,2008,1,3,0,
T640585,F,EX29A,2007,1,8,0,
T640673,M,EX43B,2011,1,6,1,1
T640675,M,EX75,2010,1,6,0,
T640675,M,EX75,2011,1,7,3,1
T640728,F,SW3,2009,1,8,1,
T640728,F,EX78,2010,1,11,0,
T640728,F,EX78,2011,1,10,1,1
T640746,F,MP23,2009,1,7,1,
T640748,F,MP62,2009,1,0,0,
T640748,F,MP63,2010,1,4,0,
T640763,M,B228,2009,1,0,0,Radio tagged
T640769,F,MP8,2009,1,7,2,
T640776,M,B11,2009,1,0,0,Radio tagged
T640776,M,B36,2010,1,6,0,
T640798,M,MP33,2009,1,7,2,
T640800,F,MP30,2009,1,10,0,
T640819,M,O85,2008,1,9,0,4
T640819,M,O86,2009,1,8,1,
T642829,F,O40,2006,1,11,1,2
TA15058,M,B164,2004,1,8,1,2
TA15058,M,B162,2005,1,6,0,
TA15099,M,P16,2003,1,7,0,
TA15099,M,P24,2004,1,10,2,
TA15099,M,P15,2005,1,0,0,
TA15200,F,W83,2003,1,10,0,
TA15200,F,W84,2004,1,8,1,2
TA15200,F,W81,2006,1,0,0,2
TA15200,F,W85,2007,1,9,0,
TA15272,F,SW131,2004,1,6,0,
TA15272,F,SW131,2005,1,7,0,
TA15272,F,SW131,2006,2,6,0,2
TA15272,F,SW134,2006,1,0,0,
TA15328,F,EX41B,2006,1,5,0,
TA15346,F,CP21,2007,1,9,3,
TA15346,F,CP11,2008,1,5,0,
TA15346,F,CP17,2010,1,10,1,
TA15355,M,C33,2006,1,10,0,
TA15355,M,C107,2007,1,7,1,
TA15355,M,C107,2008,1,7,3,
TA15355,M,C107,2010,1,0,0,
TA15386,M,C137,2006,1,8,0,
TA15386,M,C136,2007,1,9,1,
TA15386,M,C36,2008,1,8,0,4
TA15724,F,B205,2003,1,0,0,
TA15730,F,B69,2003,1,4,2,
TA15730,F,B170,2004,1,8,3,
TA15730,F,B140,2005,1,0,0,
TA15836,M,B70,2005,1,5,0,
TA15836,M,B140,2008,1,5,0,
TA15841,F,O60,2005,1,10,0,
TA15843,M,O64,2005,1,8,0,
TA15923,M,W54,2006,1,6,0,
TA15939,M,CP21,2006,1,9,0,
TA15939,M,CP15,2007,1,8,2,
TA15992,F,W14,2006,1,5,0,
TA16008,M,P12,2003,1,8,0,
TA16008,M,B161,2004,1,0,0,
TA16029,F,B163,2003,1,8,0,
TA16034,F,P10,2003,1,8,0,
TA16060,F,B194A,2004,1,8,2,
TA16067,M,MP46,2003,1,6,1,
TA16067,M,MP46,2004,1,8,0,1
TA16067,M,MP48,2005,1,9,0,
TA16082,F,B119,2004,1,8,0,
TA16082,F,MP96,2005,1,0,0,
TA16125,M,B99A,2003,1,5,0,
TA16125,M,B12,2004,1,0,0,
TA16181,F,MP46,2003,1,6,1,
TA16184,F,MP66,2003,1,5,0,
TA16184,F,MP65,2004,1,10,2,1
TA16184,F,MP65,2005,1,6,0,
TA16184,F,MP64,2006,2,0,0,
TA16184,F,MP66,2006,1,10,0,
TA16184,F,MP65,2007,1,9,0,
TA16185,M,W61,2004,1,0,0,
TA16189,M,MP43,2003,1,3,1,
TA16221,M,EX49B,2004,1,8,1,
TA16238,F,MP44,2003,1,0,0,
TA16238,F,MP43,2003,2,3,1,
TA16238,F,MP44,2004,1,8,1,
TA16240,M,MP75,2004,1,8,2,1
TA16240,M,MP75,2005,1,0,0,
TA16240,M,MP74,2006,1,9,1,
TA16240,M,MP74,2007,1,0,0,
TA16274,M,B25,2003,1,3,0,
TA16360,F,B81,2003,1,5,0,
TA16360,F,B201,2004,1,6,1,2
TA16360,F,B201,2005,1,0,0,
TA16398,M,B150,2003,1,5,0,
TA16399,M,P13,2003,1,6,2,
TA16399,M,P12,2004,1,10,2,
TA16399,M,P13,2005,1,10,0,
TA16399,M,P4,2006,1,7,0,
TA16399,M,P12,2007,1,7,0,3
TA16436,M,MP95,2005,1,6,0,
TA16440,M,B204,2003,1,4,0,
TA16440,M,B119,2004,1,8,0,
TA16440,M,B21,2005,1,0,0,
TA16463,M,MP78,2003,1,9,0,
TA16463,M,MP76,2004,1,9,1,1
TA16467,M,B53,2003,1,7,0,
TA16514,M,B192,2004,1,6,2,
TA16514,M,B192,2005,1,0,1,
TA16577,F,MP8,2003,1,3,0,
TA16634,M,B125,2003,1,2,0,
TA16634,M,B217,2004,1,6,2,
TA16655,M,EX31A,2007,1,8,1,
TA16664,M,CP25,2007,1,8,0,
TA16721,F,EX63,2003,1,6,0,
TA16757,F,EX31A,2003,1,8,2,
TA16757,F,EX31,2004,1,8,0,
TA16757,F,EX31A,2005,1,8,3,
TA16786,F,EX44,2003,1,7,0,2
TA16800,F,EX58,2003,1,0,0,
TA16800,F,EX59,2005,1,3,0,
TA16833,M,O29,2004,1,9,1,
TA16833,M,O29,2005,1,5,1,
TA16833,M,O21,2006,1,9,NA,2
TA16833,M,O29,2007,1,8,0,
TA16843,F,CP30,2003,1,1,0,
TA16843,F,CP27,2004,1,7,2,
TA16845,M,CP24,2003,1,7,0,
TA16861,F,EX39C,2003,1,9,0,
TA16861,F,EX42A,2004,1,9,3,2
TA16861,F,EX44,2005,1,11,0,
TA16861,F,EX42A,2006,1,0,0,
TA16861,F,EX39C,2007,1,6,0,
TA16861,F,EX39,2008,1,0,0,4
TA16909,M,W15,2003,1,5,0,
TA16928,F,EX89,2003,1,1,0,
TA16928,F,EX89,2004,1,8,NA,2
TA16928,F,O103,2005,1,7,1,
TA16928,F,O103,2006,1,8,1,
TA16957,F,W13,2003,1,3,0,
TB21507,F,SW86,2004,1,8,1,
TB21507,F,SW84A,2005,1,0,0,
TB21524,M,B123,2004,1,6,1,
TB21524,M,B23,2005,1,0,0,
TB21524,M,B87,2006,1,10,0,
TB21528,M,B223,2005,1,4,0,
TB21562,F,B136,2005,1,8,0,
TB21562,F,B11,2006,1,6,2,
TB26009,M,MP89,2007,1,9,0,
TB26015,F,B80A,2005,1,6,0,
TB26015,F,SW82,2006,1,8,1,
TB26045,F,P12,2005,1,7,0,
TB26053,F,SW82,2005,1,8,1,
TB26074,M,MP92,2006,1,8,1,
TB26074,M,MP96,2007,1,8,0,
TB26120,M,MP42,2005,1,5,2,
TB26120,M,MP37,2006,1,8,0,
TB26166,M,MP55,2005,1,7,1,
TB26166,M,MP60,2006,1,9,0,
TB26166,M,MP55,2007,1,10,3,
TB26166,M,MP55,2008,1,5,1,
TB26193,M,B194A,2005,1,0,0,
TB26193,M,B194A,2007,1,7,0,
TB26210,M,MP52,2005,1,6,1,
TB26221,F,W94,2005,1,9,2,
TB26221,F,W95,2006,1,7,0,2
TB26221,F,W94,2007,1,9,0,
TB26267,M,B24,2005,1,0,0,
TB26276,M,MP92,2005,1,0,0,
TB26287,M,B174,2005,1,0,0,
TB26296,M,B99,2007,1,0,0,
TB26298,M,B159,2005,1,4,0,
TB26303,F,B105,2005,1,0,1,
TB26305,M,B72,2005,1,9,2,
TB26324,M,SW82,2005,1,8,1,
TB26324,M,SW79,2008,1,0,0,4
TB26327,F,B174,2005,1,0,0,
TB26336,M,B161,2005,1,0,0,
TB26349,F,B48,2005,1,7,0,
TB26361,M,EX59,2005,1,3,0,
TB26362,F,EX62E,2006,1,0,0,
TB26362,F,EX61,2007,1,8,0,
TB26517,M,O28,2005,1,6,1,
TB26574,F,CP33,2005,1,9,2,
TB26574,F,CP33,2006,1,7,1,
TB26583,M,O81,2005,1,9,0,
TB26583,M,O82,2006,1,5,2,
TB26583,M,O82,2007,1,8,0,
TB26596,M,W1,2006,1,6,1,
TB26651,F,B227,2005,1,0,0,
TB26658,M,EX7,2006,1,0,1,
TB26658,M,EX7,2007,1,11,2,
TB26668,M,C160A,2005,1,5,1,
TB26672,M,EX49B,2006,1,8,1,1
TB26672,M,EX49B,2007,1,8,0,
TB26693,F,W50,2005,1,6,0,
TB26693,F,W69,2006,1,9,2,
TB26693,F,W50,2007,1,0,0,
TB26694,F,CP25,2006,1,8,3,
TB26699,F,W40,2005,1,7,0,
TB26699,F,W46,2006,1,10,1,
TB26699,F,W46,2007,1,7,0,
TB26723,M,MP31,2007,1,11,0,
TB26724,F,MP47,2008,1,8,0,
TB26731,M,MP53,2008,1,7,0,
TB26734,M,MP78,2007,1,9,1,
TB26734,M,MP78,2009,1,9,0,
TB26734,M,MP77,2010,1,10,2,
TB26783,M,SW55,2007,1,8,0,
TB26804,M,W97,2007,1,8,0,
TB26804,M,W97,2008,1,7,0,
TB26805,F,SW86,2007,1,6,1,3
TB26811,M,W65,2007,1,8,0,
TB26824,F,SW48,2007,1,10,0,
TB26824,F,SW47,2008,1,0,0,
TB26839,F,EX51,2007,1,7,3,
TB26845,F,SW90,2007,1,8,0,3
TB26874,F,EX41B,2007,1,8,1,
TB26883,M,W99A,2007,1,6,0,
TB26893,M,EX19,2007,1,9,1,
TB27018,M,MP88,2004,1,9,2,1
TB27018,M,MP17,2005,1,4,0,
TB27018,M,MP15,2006,1,8,2,
TB27018,M,MP15,2007,1,9,0,
TB27018,M,MP17,2008,1,8,0,
TB27055,M,EX41D,2007,1,8,1,4
TB27055,M,EX41D,2008,1,7,0,
TB27081,M,B176,2006,1,7,2,
TB27126,M,SW104,2007,1,10,0,
TB27138,F,C148,2007,1,10,0,
TB27138,F,C45,2008,1,9,2,
TB27138,F,C46,2010,1,0,0,
TB27188,F,O37,2007,1,11,0,
TB27188,F,O26,2008,1,3,0,4
TB27233,M,SW35,2008,1,9,0,
TB27262,F,C160B,2008,1,0,0,
TB27305,F,O68,2007,1,10,0,3
TB27306,F,O52,2007,1,0,0,4
TB27312,F,W91,2007,1,5,1,
TB27312,F,W84,2008,1,6,0,
TB27357,F,C42,2007,1,7,2,
TB27357,F,C44,2008,1,6,1,
TB27357,F,C44,2009,1,8,2,
TB27357,F,C145,2010,1,3,0,
TB27375,M,C27,2007,1,8,0,
TC58014,M,SW84A,2006,1,8,0,
TC58018,F,B217,2005,1,0,0,
TC58018,F,B196,2006,1,5,0,
TC58018,F,B196,2007,1,9,0,
TC58032,F,W54,2005,1,7,0,
TC58032,F,W35,2006,1,8,0,
TC58041,M,EX64,2005,1,9,1,
TC58041,M,EX64,2006,1,3,0,
TC58041,M,EX64,2007,1,8,0,
TC58041,M,EX64,2009,1,9,1,
TC58046,F,CP15,2007,1,8,2,
TC58046,F,CP16,2008,1,6,2,4
TC58046,F,CP14A,2009,1,9,0,
TC58049,M,P6,2005,1,0,0,
TC58049,M,P6,2006,1,6,2,
TC58056,M,B220,2005,1,7,0,
TC58076,M,SW6,2005,1,8,0,
TC58094,M,EX90,2005,1,9,0,
TC58094,M,EX90,2006,1,0,0,
TC58123,M,CP25,2005,1,2,0,
TC58142,F,EX47A,2005,1,9,1,
TC58142,F,EX47A,2006,1,5,1,
TC58161,F,C26,2005,1,5,0,
TC58161,F,C2,2006,1,6,0,
TC58168,M,SW72,2005,1,7,0,
TC58171,F,SW44,2005,1,7,0,
TC58178,M,EX33,2005,1,8,0,1
TC58178,M,W97,2006,1,7,0,
TC58178,M,EX17,2007,1,9,0,
TC58183,M,B67,2005,1,0,0,
TC58184,M,O45,2006,1,6,2,2
TC58205,F,O105,2005,1,7,0,
TC58205,F,O104,2006,1,9,2,
TC58205,F,O69,2007,1,9,0,
TC58235,M,CP40A,2007,1,11,1,
TC58235,M,CP40,2008,1,6,0,
TC58246,F,EX15,2007,1,10,1,
TC58275,F,O86,2007,1,9,0,
TC58275,F,EX91,2008,1,8,0,
TC58284,F,CP1,2005,1,8,0,
TC58284,F,W4B,2006,1,6,1,
TC58284,F,W4B,2007,1,NA,0,
TC58284,F,CP5B,2008,1,7,0,4
TC58310,M,SW110,2007,1,9,2,
TC58321,F,O13,2005,1,5,0,
TC58323,F,O5,2006,1,9,0,
TC58323,F,O6,2007,1,8,0,
TC58340,M,EX5,2005,1,8,0,
TC58369,M,W51,2005,1,6,1,
TC58369,M,W68,2006,1,9,3,
TC58372,M,W27,2005,1,8,2,
TC58372,M,W26,2006,1,9,5,
TC58372,M,W26,2007,1,0,0,
TC58392,F,EX68,2006,1,10,1,
TC58394,M,EX47,2005,1,8,0,
TC58414,F,EX5,2005,1,8,0,
TC58414,F,EX5,2006,1,0,0,
TC58463,F,W81,2005,1,10,0,
TC58463,F,W84,2006,1,7,1,
TC58469,M,EX51D,2006,1,8,0,
TC58497,F,W43,2005,1,7,0,
TC58497,F,W68,2006,1,9,3,
TC58497,F,W67,2007,1,0,0,
TC58508,F,O54,2005,1,0,0,
TC58534,M,EX38,2006,1,12,0,
TC58577,F,W42,2005,1,9,0,
TC58577,F,W38,2006,1,10,1,
TC58577,F,W44,2007,1,11,0,
TC58577,F,W49,2008,1,5,0,
TC58577,F,W44,2009,1,8,1,
TC58583,F,W96,2005,1,8,1,
TC58583,F,W93,2006,1,5,0,
TC58583,F,W95,2007,1,NA,0,
TC58585,F,CP10,2005,1,8,0,
TC58607,F,B168,2005,1,4,0,
TC58628,M,SW63,2008,1,0,0,
TC58628,M,P15,2009,1,0,0,
TC58628,M,P14,2009,2,4,0,
TC58628,M,P16,2010,1,11,0,
TC58648,M,B89,2008,1,5,0,
TC58648,M,B89,2009,1,6,1,Radio tagged
TC58648,M,B90,2010,1,9,0,
TC58648,M,B192,2011,1,6,0,1
TC58655,F,C54,2008,1,7,2,
TC58655,F,C53,2009,1,10,2,
TC58655,F,C53,2010,1,9,1,
TC58655,F,C54,2011,1,11,2,
TC58677,M,EX39B,2008,1,8,0,
TC58678,M,EX33,2008,1,0,0,
TC58678,M,EX18A,2010,1,6,0,
TC58785,M,W69,2006,1,9,2,
TC58788,M,W36,2006,1,9,0,
TC58791,M,CP8,2006,1,6,1,
TC58792,M,W45,2006,1,9,5,
TC58795,F,CP8,2006,1,6,1,
TC58812,F,SW86,2006,1,7,1,
TC58812,F,SW89,2007,1,0,0,
TC58827,M,W63,2006,1,6,0,
TC58827,M,W64,2007,1,7,0,
TC58859,M,O40,2006,1,11,1,2
TC58902,M,B225,2005,1,0,0,
TC58907,M,B105,2005,1,0,1,
TC59009,M,EX10A,2006,1,8,3,
TC59019,F,CP16,2007,1,9,0,
TC59023,F,EX71,2007,1,9,0,4
TC59028,M,CP16,2007,1,9,0,
TC59041,M,O63,2006,1,6,1,
TC59093,M,W34,2006,1,9,1,
TC59093,M,W54,2007,1,8,3,
TC59093,M,W32,2009,1,0,0,
TC59093,M,W54,2011,1,6,0,1
TC59159,M,O103,2007,1,10,1,
TC59159,M,O103,2008,1,0,0,
TC59159,M,O104,2009,1,0,0,
TC59159,M,O104,2010,1,10,1,
TC59312,F,SW131,2007,1,6,0,3
TC59320,F,O82,2007,1,8,0,
TC59320,F,O82,2008,1,6,2,
TC59320,F,O108,2009,1,8,0,
TC59357,F,O57,2007,1,8,0,3
TC59394,F,W52,2007,1,5,0,
TC59396,M,EX5A,2008,1,0,0,4
TC59399,M,W103,2007,1,0,0,
TC59401,M,O102,2006,1,0,0,2
TC59481,F,W3,2007,1,NA,0,
TC59481,F,W4A,2008,1,8,0,
TC59491,M,CP3,2007,1,8,0,
TC59601,F,EX68,2007,1,6,0,
TC59612,F,EX11,2007,1,8,0,
TC59612,F,EX14A,2008,1,0,0,4
TC59612,F,EX36,2009,1,0,0,
TC59623,F,W45,2007,1,9,0,
TC59633,M,EX15,2007,1,10,1,
TC59633,M,EX16,2009,1,9,0,
TC59637,M,SW31,2007,1,7,0,
TC59648,M,EX33,2007,1,0,0,
TC59652,F,EX80,2007,1,8,0,
TC59676,M,CP41,2007,1,8,0,
TC59676,M,CP40A,2009,1,7,0,
TC59676,M,CP40A,2010,1,10,0,
TC59683,M,W71,2007,1,11,0,
TC59691,F,O76,2007,1,10,0,4
TC59701,F,EX4,2007,1,5,0,
TC59701,F,EX4,2008,1,6,0,
TC59703,M,EX12,2007,1,0,0,
TC59784,M,EX62H,2007,1,0,0,
TC59799,M,O84,2007,1,9,0,
TC59802,F,W103,2007,1,0,0,
TC59808,F,B91,2007,1,0,0,
TC59808,F,B15,2009,1,9,1,
TC59842,F,EX47A,2007,1,6,0,
TC59842,F,EX47A,2008,1,0,0,
TC59842,F,EX48,2008,2,3,0,
TC59847,M,SW63,2007,1,7,0,
TC59916,F,O42,2007,1,7,0,
TC59922,M,CP13,2007,1,8,0,
TC59923,M,EX43A,2007,1,8,1,4
TC59927,M,O52,2007,1,0,0,4
TC59929,M,O4,2008,1,6,0,
TE79013,F,MP47,2006,1,6,1,
TE79013,F,MP42,2007,1,10,0,
TE79013,F,MP41,2008,1,5,0,
TE79013,F,MP38,2009,1,8,1,
TE79013,F,MP42,2010,1,7,0,
TE79023,M,SW88,2006,1,9,0,1
TE79023,M,SW90,2007,1,8,0,3
TE79069,M,MP78,2006,1,8,2,
TE79089,M,MP51,2006,1,NA,1,
TE79225,F,CP14A,2006,1,7,1,
TE79305,M,SW86,2006,1,7,1,
TE79554,F,P6,2006,1,6,2,
TE79646,F,SW43,2006,1,4,1,
TE79755,F,EX42,2006,1,8,0,
TE79781,M,O100,2007,1,8,0,
TE79781,M,EX92,2009,1,4,0,
TE79807,M,EX13A,2006,1,11,0,
TE79816,M,SW6,2006,1,5,2,1
TE79816,M,SW8,2007,1,6,0,
TE79822,M,O44,2007,1,8,0,
TE79897,M,O80,2006,1,8,0,2
TE79918,F,EX8,2008,1,0,0,
TE80025,M,O25,2007,1,0,0,4
TE80041,M,O106,2006,1,5,1,
TE80064,F,EX81A,2007,1,9,0,
TE80088,M,O81,2006,1,6,1,
TE80109,M,EX14A,2006,1,5,0,
TE80109,M,EX14B,2007,1,7,0,
TE80110,F,EX39A,2006,1,0,1,1
TE80110,F,EX39A,2007,1,10,0,
TE80110,F,EX42A,2008,1,7,0,
TE80110,F,EX39C,2009,1,0,0,
TE80125,F,EX62G,2006,1,7,2,
TE80125,F,EX62E,2007,1,10,0,
TE80127,F,O102,2006,1,0,0,2
TE80144,M,O15,2006,1,8,NA,2
TE80144,M,O15,2007,1,0,0,
TE80216,F,O25,2006,1,0,0,
TE80216,F,O25,2007,1,0,0,4
TE80229,F,EX41D,2006,1,10,0,
TE80283,M,W105,2006,1,10,0,
TE80283,M,W105,2007,1,13,0,
TE80290,M,P5,2006,1,8,2,
TE80290,M,P4,2007,1,6,0,3
TE80290,M,P4,2008,1,8,0,
TE80309,F,B90,2006,1,5,0,
TE80341,M,EX19A,2010,1,7,0,
TE80347,F,SW71,2006,1,0,0,
TE80458,F,EX39,2006,1,7,2,
TE80522,F,B184,2006,1,7,0,
TE80533,M,EX28,2007,1,6,0,
TE80569,F,EX69,2006,1,7,1,
TE80603,M,W11,2006,1,8,2,
TE80603,M,W13,2007,1,NA,1,
TE80606,F,EX51B,2006,1,7,0,
TE80684,M,W72,2006,1,10,0,
TJ24564,M,W102,2009,1,11,1,
TJ24715,F,EX36,2010,1,0,0,
TJ24770,M,W16,2010,1,10,0,
TJ24809,M,W41,2010,1,8,1,
TJ24810,M,W65,2010,1,8,1,
TJ24810,M,W85,2011,1,4,0,
TJ24834,F,W32,2010,1,7,0,
TJ24834,F,W54,2011,1,6,0,1
TJ24861,M,EX70,2010,1,0,0,
TJ24861,M,EX79,2010,2,11,2,
TJ24880,M,W74,2010,1,7,1,
TJ24880,M,W78,2011,1,9,0,1
TJ24902,M,EX41A,2010,1,12,1,
TJ24902,M,EX41C,2011,1,8,0,1
TJ24902,M,EX41C,2012,1,0,0,
tj24902,M,EX41c,2013,1,6,2,
TJ25269,F,O13,2009,1,8,0,
TJ25269,F,O13A,2010,1,4,0,
TJ25269,F,O13A,2012,1,0,0,
TJ26128,M,MP18,2010,1,5,2,
TJ26128,M,MP18,2011,1,9,0,1
TJ26128,M,MP18,2012,1,8,0,
TJ26190,F,O64,2009,1,8,0,
TJ26190,F,O61,2010,1,9,0,
TJ26196,F,O67,2010,2,2,1,
TJ26196,F,O67,2010,1,5,1,
TJ26252,F,P5,2009,1,8,0,
TJ26252,F,P5,2010,1,5,0,
TJ26252,F,P12,2011,1,6,0,1
TJ26504,F,B27,2008,1,5,0,
TJ26665,F,MP54,2008,1,5,1,
TJ26665,F,MP41,2009,1,9,0,
TJ26665,F,MP26,2010,1,10,1,
TJ26665,F,MP47,2011,1,7,0,1
TJ26665,F,MP27,2012,1,2,0,
TJ27445,F,EX51,2008,1,8,0,
TJ27562,M,W67,2009,1,9,1,
TJ27562,M,W67,2010,1,7,0,
TK25538,F,MP13,2008,1,9,0,
TK25601,F,B39,2007,1,2,0,
TK25601,F,B38,2008,1,7,0,
TK25601,F,B139,2009,1,0,0,Radio tagged
TK25603,F,MP30,2007,1,5,0,
TK25612,F,MP2,2007,1,0,0,
TK25624,F,MP46,2007,1,8,1,
TK25624,F,MP50,2008,1,5,3,
TK25624,F,MP47,2009,1,0,0,
TK25624,F,MP46,2010,1,9,1,
TK25667,M,SW36,2007,1,9,0,3
TK25676,F,MP97,2007,1,8,0,
TK25676,F,MP98,2008,1,7,0,
TK25676,F,MP97,2009,1,10,1,
TK25676,F,MP98,2010,1,3,0,
TK25698,F,SW34,2008,1,6,0,
TK25698,F,P6,2009,1,9,0,
TK25698,F,P7,2010,1,5,1,
TK25698,F,P6,2011,1,9,1,1
TK25707,F,MP7,2007,1,6,0,
TK25761,M,B121,2007,1,0,0,
TK25763,M,B229,2007,1,8,0,
TK25787,M,B193,2007,1,7,0,
TK25796,F,B125,2008,1,0,0,
TK25796,F,B23,2009,1,8,0,Radio tagged
TK25796,F,B123,2010,1,9,0,
TK25806,M,EX36,2007,1,7,1,
TK25815,M,EX74,2007,1,8,2,
TK25817,M,EX73,2007,1,9,1,
TK25825,M,CP7,2007,1,6,0,
TK25834,M,CP14A,2007,1,9,0,
TK25851,F,W99,2007,1,7,0,
TK25875,F,EX14A,2007,1,10,1,
TK25881,M,W27,2007,1,10,1,
TK25881,M,W26,2008,1,6,0,
TK25890,M,O16,2007,1,5,0,3
TK25899,F,CP22,2008,1,0,0,
TK26065,M,EX43C,2007,1,10,2,4
TK26078,F,EX48A,2007,1,10,0,4
TK26078,F,EX47,2008,1,6,0,
TK26078,F,EX48A,2009,1,10,2,
TK26078,F,EX48,2010,1,11,0,
TK26079,F,SW78,2007,1,5,0,3
TK26079,F,SW78,2008,1,9,0,
TK26079,F,SW79,2009,1,9,1,
TK26079,F,SW76,2010,1,8,0,
TK26114,M,SW3,2007,1,8,0,
TK26120,M,SW26,2007,1,0,0,
TK26156,F,SW133,2007,1,7,0,
TK26156,F,SW133,2008,1,7,0,
TK26210,F,W21,2007,1,7,0,
TK26227,F,CP35,2007,1,7,0,4
TK26233,F,W83,2007,1,10,2,
TK26233,F,W83,2008,1,8,0,
TK26233,F,W83,2009,1,0,0,
TK26233,F,W76,2009,2,6,1,
TK26235,M,EX41E,2007,1,10,0,
TK26235,M,EX41C,2008,1,1,0,
TK26250,M,B80,2007,1,0,0,
TK26250,M,B79,2008,1,0,0,
TK26257,M,CP37,2007,1,5,0,
TK26257,M,CP37,2008,1,8,0,
TK26348,M,CP33,2007,1,9,1,
TK26361,M,EX77,2009,1,10,1,
TK26376,M,EX62G,2007,1,6,0,
TK26382,F,O109,2007,1,8,0,
TK26382,F,O109,2008,1,5,0,
TK26384,F,SW120,2007,1,10,0,
TK26525,M,EX31,2007,1,5,0,
TK26526,M,CP35,2007,1,7,0,4
TK26608,F,CP13,2007,1,8,0,
TK26669,F,CP40A,2009,1,7,0,
TK26669,F,CP40A,2010,1,10,0,
TK26867,M,O37,2009,1,10,1,
TK26867,M,O36,2010,1,7,0,
TK26980,F,W40,2008,1,0,0,
TK26987,F,B63,2008,1,8,1,
TK27015,M,B168,2007,1,0,0,
TK27056,M,P8,2007,1,8,1,
TK27056,M,P9,2008,1,8,0,
TK27091,F,SW17,2007,1,0,0,
TK27141,M,B217,2008,1,7,1,
TK27150,M,B87,2007,1,7,0,
TK27150,M,B188,2008,1,6,1,
TK27150,M,B188,2009,1,6,1,Radio tagged
TK27150,M,B89,2010,1,5,0,
TK27250,M,SW88,2008,1,5,0,
TK27402,M,CP6,2007,1,8,0,
TK27403,F,CP33,2007,1,9,1,
TK27406,F,EX49,2007,1,9,0,
TK27429,M,O83,2007,1,8,1,4
TK27434,F,SW44,2007,1,9,0,3
TK27442,F,SW101A,2007,1,4,0,3
TK27442,F,SW101,2008,1,5,0,
TK27442,F,SW32,2009,1,0,0,
TK27481,M,EX5A,2007,1,0,0,
TK27533,M,O22,2007,1,11,0,
TK27628,M,SW113,2007,1,9,0,
TK27676,M,EX81A,2007,1,9,0,
TK27679,F,O37,2009,1,10,1,
TK27704,M,W29,2007,1,9,1,
TK27724,M,O68,2007,1,10,0,3
TK27738,M,O85,2007,1,7,0,
TK27782,M,SW16,2010,1,8,2,
TK27817,M,O42,2007,1,7,0,
TK27817,M,O46,2009,1,9,1,
TK27821,M,EX43D,2007,1,8,0,
TK27821,M,EX43D,2008,1,3,0,
TK27850,M,SW31,2008,1,3,0,
TK27850,M,SW31,2009,1,8,0,
TK27856,F,O59,2008,1,0,0,
TK27856,F,O58,2008,2,5,0,
TK27856,F,O48,2009,1,8,0,
TK27922,F,O37,2008,1,0,0,
TL36340,M,CP6,2009,1,9,1,
TL36368,F,EX5A,2009,1,0,0,
TL36368,F,EX5A,2010,1,8,0,
TL36477,M,EX62,2009,1,10,1,
TL37067,F,C109,2009,1,7,0,
TL37067,F,C9,2010,1,3,0,
TL37072,F,O61,2009,1,9,0,
TL37131,F,O21,2009,1,7,0,
TL37132,M,EX51,2009,1,10,1,
TL37132,M,EX58,2010,1,10,2,
TL37132,M,EX51,2011,1,8,1,1
TL37155,F,O5A,2009,1,4,0,
TL37155,F,O5,2010,1,6,1,
TL37158,F,W10,2009,1,14,1,
TL37158,F,W29,2010,1,11,0,
TL37158,F,W28,2011,1,7,0,1
TL37495,F,C9A,2009,1,7,1,
TL37524,F,C102,2009,1,7,0,
TL37524,F,C63,2010,1,0,0,
TL37531,M,C123,2009,1,9,1,
TL37538,M,C147,2009,1,12,1,
TL37538,M,C46,2010,1,0,0,
TL37538,M,C48,2011,1,10,0,1
TL37538,M,C44,2012,1,7,0,
TL37539,F,C59,2009,1,10,0,
TL37539,F,C160A,2010,1,8,0,
TL37539,F,C135,2011,1,8,2,
TL37539,F,C160A,2012,1,0,0,
TL37539,F,C59,2012,2,8,1,
tl37539,F,C59,2013,1,1,0,
tl37539,F,C160A,2014,1,6,1,
TL37582,F,B207,2009,1,9,0,
TL37593,F,EX78,2009,1,9,0,
TL37639,M,B227,2010,1,6,0,
TL37665,M,MP96,2010,1,8,3,
TL37674,M,SW83,2010,1,10,1,
TL37748,F,W71,2010,1,7,2,
TL37748,F,W75A,2011,1,8,4,
TL37748,F,W75A,2012,1,0,0,
tl37748,F,W74,2013,1,3,0,
TL37756,F,W9,2010,1,8,0,
TL37775,M,P1,2010,1,8,0,
TL37793,M,MP78,2010,1,8,0,
TL37793,M,MP76,2012,1,0,0,
TL37793,M,MP78,2012,2,2,2,
tl37793,M,MP77,2013,1,5,2,
tl37793,M,MP78,2015,1,5,NA,
TL38179,M,EX43,2009,1,11,3,
TL38179,M,EX43A,2010,1,8,1,
TL38226,M,EX78,2010,1,11,0,
TL38226,M,EX78,2011,1,10,1,1
TL38784,M,W42,2010,1,8,0,
TL39013,M,O34,2009,1,9,1,
TL39029,F,P21,2009,1,7,1,
TL39075,F,C2,2009,1,10,0,
TL39075,F,C27,2010,1,0,0,
TL39075,F,C128,2010,2,5,0,
TL39089,F,O66,2009,1,0,0,
TL39116,M,MP75,2009,1,11,0,
TL39116,M,MP75,2010,1,8,1,
TL39121,M,EX14B,2009,1,11,0,
TL39121,M,EX36,2010,1,0,0,
TL39121,M,EX35A,2011,1,8,0,1
TL39183,F,MP65,2009,1,8,1,
TL39277,M,SW131,2009,1,9,0,
TL39605,M,O56,2009,1,9,1,
TL39659,M,C40,2009,1,8,0,
TL39659,M,C140,2010,1,0,0,
TL39659,M,C135,2011,1,8,2,
TL39659,M,C160A,2012,1,0,0,
TL39659,M,C59,2012,2,8,1,
TP25060,F,EX70,2010,1,0,0,
TP25060,F,EX79,2010,2,11,2,
TP25167,M,O65,2010,1,5,0,
TP25530,M,C3B,2010,1,0,0,
TP25530,M,C4,2010,2,5,0,
TP25604,F,O28,2010,1,5,0,
TP25604,F,O2,2011,1,3,0,
tp25604,F,O34,2013,1,4,0,
TP25735,F,C3A,2010,1,0,0,
tp25735,F,C10,2013,1,0,0,
TP26294,M,MP53,2010,1,6,0,
TP28610,F,O25,2010,1,8,0,
TP28779,F,W94,2010,1,9,1,
TP28779,F,W78,2011,1,9,0,1
TP41544,F,B142,2010,1,6,0,
TP41544,F,B142,2011,1,0,0,
TP41544,F,B66,2012,1,4,0,
TP41623,F,MP2,2010,1,10,0,
TP41653,F,B158,2010,1,4,0,
TP41653,F,B56,2011,1,8,2,
TP41661,F,MP38,2010,1,0,0,
TP41818,F,MP83,2010,1,11,1,
TP41819,M,SW37,2010,1,8,1,
TP41854,F,MP33,2010,1,9,0,
TP41854,F,MP33,2011,1,9,3,
TP41899,M,MP37,2010,1,9,0,
TP42059,M,EX62E,2011,1,9,0,1
TP42059,M,EX62E,2012,1,5,0,
TR40051,F,B212,2011,1,6,0,1
TR40051,F,B59,2012,1,0,0,
TR40183,F,B214,2011,1,8,0,1
TR40363,F,O18,2011,1,7,1,1
TR40363,F,O6,2012,1,0,0,
tr40363,F,O5,2013,1,8,0,
TR42058,F,EX60,2011,1,9,1,
TR42079,M,W31,2011,1,11,0,1
TR42233,F,CP36,2011,1,0,0,
TR42713,M,MP35,2011,1,0,0,
TR43661,F,EX71,2011,1,10,1,1
TR43661,F,EX76,2012,1,5,0,
TR43666,M,CP36,2011,1,0,0,
V260950,M,W21,2007,1,7,0,
V279628,M,W27,2011,1,10,1,
V279628,M,W25,2012,1,7,0,
V729628,M,W26,2009,1,0,0,
V729695,F,EX16,2009,1,9,0,
V729695,F,EX16,2010,1,6,0,
VE32620,M,EX60,2009,1,7,0,
VF63055,M,EX51,2005,1,12,0,
VF63055,M,EX52,2007,1,9,1,
VF63055,M,EX52,2008,1,8,0,4
VF63063,M,SW16,2005,1,7,2,
VF63169,M,P14,2004,1,8,2,
VF63169,M,P14,2005,1,NA,0,
VF63170,F,MP74,2004,1,8,0,
VF63170,F,MP97,2005,1,7,0,
VF63410,M,SW14,2005,1,8,1,
VF63415,F,O27A,2005,1,8,0,
VF63420,M,SW67,2007,1,3,0,
VF63423,M,B97,2005,1,0,0,
VF63451,F,B54,2005,1,0,0,
VF63453,M,SW76,2005,1,7,0,
VF63455,F,O38B,2005,1,4,0,
VF63462,F,O84,2005,1,0,0,
VF63462,F,O82,2006,1,5,2,
VF63463,M,O65,2005,1,3,0,
VF63499,M,B205,2005,1,0,0,
VF63499,M,B16,2006,1,8,4,
VF63499,M,B205,2007,1,9,0,
VF63499,M,B116,2008,1,7,0,
VF63736,M,B48,2005,1,7,0,
VF63747,M,SW30,2005,1,0,0,
VF63748,M,SW123,2009,1,8,3,
VF63778,M,B107,2005,1,0,0,
VF63778,M,B107,2006,1,8,0,
VF63822,F,O50,2006,1,0,0,2
VF63832,F,B24,2005,1,0,0,
VF63863,F,P10,2005,1,7,0,
VF63867,M,SW114,2006,1,9,1,
VF63927,F,EX80,2005,1,6,1,
VF63927,F,EX2,2007,1,9,0,
VF63966,M,O19,2005,1,7,1,
VF63966,M,O7,2006,1,9,1,
VF64081,M,B24,2002,1,9,2,
VF64081,M,B24,2003,1,2,1,
VF64081,M,B225,2004,1,8,1,
VF64090,F,O118,2001,1,7,1,1
VF64090,F,O119,2002,1,7,0,1
VF64229,M,EX51D,2001,1,6,1,1
VF64229,M,EX51D,2002,1,7,1,
VF64229,M,EX51D,2004,1,8,1,
VF64271,M,CP1,2001,1,5,0,
VF64271,M,CP1,2002,1,9,2,
VF64271,M,CP5A,2003,1,9,1,
VF64273,F,P6,2002,1,6,2,1
VF64273,F,P8,2003,1,8,0,
VF64273,F,P8,2005,1,NA,0,
VF64355,M,W76,2003,1,10,0,
VF64355,M,W76,2004,1,9,2,
VF64355,M,W76,2007,1,10,0,
VF64404,M,EX43D,2001,1,8,0,
VF64411,M,W31,2002,1,8,0,1
VF64506,M,W7,2001,1,7,3,
VF64533,M,EX53,2001,1,8,1,1
VF64533,M,EX53,2002,1,9,1,1
VF64602,F,CP43,2002,1,7,1,
VF64622,F,W42,2001,1,8,2,1
VF64622,F,W39,2002,1,7,0,1
VF64622,F,W89,2003,1,10,1,
VF64655,M,CP6,2001,1,8,0,1
VF64655,M,CP4,2005,1,8,2,1
VF64700,M,CP22,2001,1,7,0,1
VF64700,M,CP33,2003,1,6,0,
VF64753,M,W2,2004,1,9,0,
VF64753,M,EX32,2006,1,0,0,
VF64768,F,EX25,2002,1,3,1,
VF64776,M,CP43,2002,1,7,1,
VF64795,M,EX59,2002,1,10,1,
VF64811,F,EX51D,2004,1,8,1,
VF64811,F,CP20,2005,1,3,0,
VF64824,F,CP27,2005,1,2,0,
VF64824,F,CP26,2006,1,0,0,
VF64839,F,EX49B,2004,1,8,1,
VF64839,F,EX49B,2005,1,4,1,
VF64839,F,EX49B,2006,1,8,1,1
VF64874,M,W66,2005,1,9,1,
VF64874,M,W80,2006,1,9,1,
VF64943,F,B30,2002,1,8,2,
VF64943,F,B30,2003,1,0,0,
VH21716,F,CP8,2004,1,7,1,
VH99584,F,O56,2005,1,0,0,
VH99584,F,O17,2006,1,10,2,
VN57374,F,W43,2006,1,6,0,
VN57986,M,W76,1999,1,7,1,
VN57986,M,EX19A,2001,1,8,0,1
VN87317,F,W4B,2000,1,9,4,
VN87317,F,W4A,2001,1,8,1,
VN87317,F,W4B,2002,1,10,0,
VN87317,F,W3,2003,1,8,0,
VN87380,F,C55,2002,1,9,1,
VR27854,F,CP43,2003,1,0,0,
VR27854,F,CP39,2004,1,7,0,
VR91385,M,CP24,2004,1,4,1,
VR91849,M,SW75,2000,1,8,NA,
VR91849,M,SW78,2001,1,7,2,1
VR91849,M,P1,2002,1,4,1,
VR91849,M,SW78,2005,1,11,0,
VR98038,F,W46,2005,1,9,3,1
VR98038,F,W45,2006,1,9,5,
VR98182,F,SW113,2007,1,9,0,
VR98182,F,O76,2008,1,9,0,4
VR98183,F,EX43A,2005,1,10,0,
VR98214,M,O70,2006,1,7,1,2
VR98214,M,O70,2007,1,9,0,
VR98214,M,O70,2008,1,10,0,
VR98264,M,EX29A,2007,1,8,0,
VR98327,F,EX78,2004,1,8,NA,2
VR98349,F,CP11,2005,1,0,0,
VR98353,F,EX67,2009,1,0,0,
VS83016,F,B14,2002,1,8,0,
VS83127,M,B34,2002,1,8,1,
VS83127,M,B223,2003,1,3,0,
VS83171,F,B34,2002,1,8,1,
VS83171,F,B12,2003,1,0,0,
VS83235,M,MP5,2002,1,0,0,
VS83235,M,MP2,2004,1,6,1,1
VS83235,M,MP3,2006,1,9,2,
VS83731,F,W55,2001,1,5,0,1
VS83731,F,W22,2002,1,0,0,1
VS83731,F,W55,2003,1,5,1,
VS83747,F,EX25,2001,1,6,0,1
VS83747,F,EX26,2002,1,9,2,
VS83758,M,CP35,2001,1,5,0,
VS83758,M,CP35,2002,1,11,3,
VS83758,M,CP37,2003,1,8,0,
VS83783,M,W41,2001,1,5,1,
VS83783,M,W40,2002,1,8,1,1
VS83783,M,W35,2003,1,7,0,
VS83783,M,W35,2004,1,6,1,
VS83783,M,W54,2005,1,7,0,
VS83800,M,EX56,2001,1,6,0,
VS83800,M,EX58,2002,1,10,1,1
VS83800,M,EX55,2003,1,8,2,
VS83800,M,EX55,2004,1,11,3,
VS84386,F,O53,2001,1,7,1,
VS84386,F,O53,2004,1,8,0,
VS84386,F,O53,2005,1,7,1,
VS84536,M,MP75,2001,1,8,0,1
VS84536,M,MP77,2003,1,9,2,
VS84536,M,MP73,2004,1,10,3,1
VS84537,M,MP53,2001,1,7,0,1
VS84537,M,MP38,2002,1,9,2,1
VS84537,M,MP34,2003,1,7,0,
VS84537,M,MP34,2004,1,10,1,1
VS84546,F,B177,2001,1,6,0,
VS84546,F,B215,2002,1,8,0,
VS84546,F,B217,2003,1,6,0,
VS84619,F,B79,2001,1,7,1,
VS84619,F,B212,2005,1,2,0,
VS84629,M,B103,2001,1,7,1,
VS84629,M,B102,2002,1,6,1,
VS84629,M,B108,2003,1,6,0,
VS84629,M,B103,2004,1,8,0,1
VS84713,M,B170,2002,1,5,1,
VS84713,M,B170,2004,1,8,3,
VS84713,M,B140,2005,1,0,0,
VS84968,M,CP34,2004,1,11,1,
VS84968,M,CP30,2005,1,9,1,
VS84968,M,CP30,2006,1,8,1,
VT33014,F,EX43C,2002,1,8,3,
VT33031,M,CP24,2002,1,10,1,1
VT33143,M,CP4,2002,1,9,1,
VT33143,M,CP5B,2003,1,8,0,
VT33243,M,EX25,2003,1,9,0,
VT33317,M,CP30,2003,1,1,0,
VT33317,M,CP27,2004,1,7,2,
VT33379,M,EX75,2003,1,10,0,
VT33379,M,EX75,2004,1,11,4,
VT33379,M,EX75A,2005,1,7,1,
VT33379,M,EX75,2006,1,9,1,
VT33379,M,EX75A,2007,1,0,0,
VT33395,F,CP32,2003,1,0,0,
VT33396,F,EX52,2003,1,9,0,
VT33419,M,CP6,2003,1,4,1,
VT33486,M,EX60,2003,1,7,0,
VT33486,M,EX62,2004,1,11,2,
VT33486,M,EX62,2005,1,10,0,
VT33529,F,CP31,2003,1,6,0,
VT33530,F,B189,2003,1,0,0,
VT33530,F,B100,2004,1,7,0,1
VT33530,F,B1,2005,1,0,0,
VT33533,F,MP88,2003,1,0,0,
VT33545,F,O45,2003,1,0,0,
VT33550,M,W62,2003,1,0,0,
VT33550,M,W66,2004,1,5,0,
VT33566,F,B142,2003,1,0,0,
VT33566,F,B155,2004,1,4,0,2
VT33566,F,B145,2005,1,0,0,
VT33566,F,B144,2006,1,8,0,
VT33595,M,W51,2003,1,5,0,2
VT33595,M,W51A,2004,1,6,1,
VT33691,M,EX14A,2004,1,10,2,
VT33691,M,EX14A,2005,1,10,0,1
VT33691,M,EX12A,2007,1,10,0,
VT33709,M,W87,2005,1,6,1,
VT33709,M,W84,2006,1,7,1,
VT33709,M,W85,2007,1,9,0,
VT33790,M,EX63,2005,1,8,1,
VT33791,M,O45,2004,1,7,5,
VT33853,M,B147,2003,1,4,0,
VT33942,M,EX84,2003,1,6,2,
VT33942,M,SW3,2005,1,10,0,
VT34174,M,O60,2002,1,8,0,1
VT34174,M,O61,2003,1,7,0,
VT34174,M,O60,2005,1,10,0,
VT34174,M,O60,2006,1,0,0,
VT34632,F,CP15,2002,1,10,2,
VT34730,M,CP22,2003,1,5,0,
VX13432,M,EX58,1999,1,8,0,
VX13432,M,EX52,2000,1,6,1,
VX13432,M,EX57,2001,1,5,0,1
VX13432,M,EX57,2002,1,9,1,1
VX13610,M,EX32,1999,1,7,0,
VX13610,M,EX18,2000,1,7,2,
VX13610,M,EX18A,2001,1,5,2,
VX13610,M,EX33,2003,1,8,1,
VX13726,M,CP32,2001,1,2,0,
VX13726,M,CP26,2003,1,4,1,
VX13726,M,CP27,2005,1,2,0,
X235104,F,MP36,2009,1,9,0,
X235502,F,EX90,2010,1,10,0,
X235502,F,O113,2011,1,9,0,1
X235602,F,B229,2008,1,7,0,
X235604,M,B10,2008,1,7,0,
X235604,M,B102,2009,1,0,0,Radio tagged
X235604,M,B10,2010,1,7,0,
X235604,M,B101,2011,1,6,0,1
X235604,M,B31,2012,1,0,0,
x235604,M,B112,2013,1,3,0,
X235615,F,B76,2008,1,3,0,
X235615,F,B76,2009,1,7,3,Radio tagged
X235615,F,B30,2010,1,4,0,
X235619,F,B190,2009,1,12,2,Radio tagged
X235619,F,B227,2010,1,6,0,
X235620,F,B225,2009,1,0,0,
X235623,F,B115,2009,1,0,0,
X235623,F,B205,2010,1,7,0,
X235628,F,B213,2009,1,2,0,Radio tagged
X235629,M,B213,2009,1,2,0,Radio tagged
x235629,M,B217,2013,1,4,0,
x235629,M,B217,2014,1,5,0,
X235630,M,B117,2009,1,0,0,Radio tagged
X235630,M,B16,2010,1,8,0,
X235631,F,B102,2009,1,0,0,Radio tagged
X235631,F,B103,2010,1,6,1,
X235631,F,B104,2011,1,8,0,
X235634,F,B51,2009,1,0,0,Radio tagged
X235634,F,B131,2010,1,1,0,
X237894,F,W80,2009,1,9,1,
X237894,F,W64,2010,1,9,1,
X237904,F,MP74,2009,1,10,2,
X237904,F,MP74,2010,1,11,0,
X237904,F,MP73,2011,1,11,2,
X237904,F,MP74,2012,1,0,0,
X237908,F,MP21,2009,1,0,0,
X237911,M,MP65,2009,1,8,1,
X237911,M,MP66,2011,1,4,0,
X237914,F,O57,2009,1,10,1,
X237918,M,W28,2011,1,7,0,1
X239571,F,B117,2009,1,0,0,Radio tagged
X239571,F,B96,2010,1,0,0,
X239571,F,B13,2010,2,NA,0,
X239571,F,B94,2012,1,0,0,
X239701,F,CP39,2009,1,9,0,
X239701,F,CP39,2010,1,0,0,
X239704,F,CP37,2009,1,8,2,
X239704,F,CP35,2010,1,8,0,
X239705,F,EX62,2009,1,10,1,
X239717,F,CP35,2009,1,5,0,
X239718,F,CP27,2009,1,9,0,
X239801,F,C111,2009,1,0,0,
X239802,F,O73,2009,1,7,0,
X239809,F,O75B,2009,1,11,0,
X239846,F,MP22,2010,1,8,2,
X239846,F,MP85,2011,1,8,0,
X239846,F,MP85,2012,1,0,0,
X239846,F,MP19,2012,2,0,0,
X239901,F,SW25,2009,1,8,1,
X239901,F,SW25,2010,1,8,0,
X239901,F,SW24,2011,1,8,0,1
X239905,F,SW102,2009,1,8,3,
X239905,F,SW102,2010,1,6,2,
X661866,M,EX62D,2009,1,6,0,
X661866,M,EX62B,2010,1,8,1,
Y033816,M,W16,2011,1,10,0,1
Y033824,F,W33,2011,1,9,0,1
Y033824,F,W54,2012,1,0,0,
Y033835,M,O3,2011,1,4,0,1
Y033835,M,O5,2012,1,0,0,
Y034702,F,EX62E,2011,1,9,0,1
Y034702,F,EX62E,2012,1,5,0,
Y034724,M,CP35,2011,1,11,1,1